Feature type	Feature name
Cytoplasm	Cytoplasm_AreaShape_Area
Cytoplasm	Cytoplasm_AreaShape_Center_X
Cytoplasm	Cytoplasm_AreaShape_Center_Y
Cytoplasm	Cytoplasm_AreaShape_Compactness
Cytoplasm	Cytoplasm_AreaShape_Eccentricity
Cytoplasm	Cytoplasm_AreaShape_EulerNumber
Cytoplasm	Cytoplasm_AreaShape_Extent
Cytoplasm	Cytoplasm_AreaShape_FormFactor
Cytoplasm	Cytoplasm_AreaShape_MajorAxisLength
Cytoplasm	Cytoplasm_AreaShape_MaxFeretDiameter
Cytoplasm	Cytoplasm_AreaShape_MaximumRadius
Cytoplasm	Cytoplasm_AreaShape_MeanRadius
Cytoplasm	Cytoplasm_AreaShape_MedianRadius
Cytoplasm	Cytoplasm_AreaShape_MinFeretDiameter
Cytoplasm	Cytoplasm_AreaShape_MinorAxisLength
Cytoplasm	Cytoplasm_AreaShape_Orientation
Cytoplasm	Cytoplasm_AreaShape_Perimeter
Cytoplasm	Cytoplasm_AreaShape_Solidity
Cytoplasm	Cytoplasm_AreaShape_Zernike_0_0
Cytoplasm	Cytoplasm_AreaShape_Zernike_1_1
Cytoplasm	Cytoplasm_AreaShape_Zernike_2_0
Cytoplasm	Cytoplasm_AreaShape_Zernike_2_2
Cytoplasm	Cytoplasm_AreaShape_Zernike_3_1
Cytoplasm	Cytoplasm_AreaShape_Zernike_3_3
Cytoplasm	Cytoplasm_AreaShape_Zernike_4_0
Cytoplasm	Cytoplasm_AreaShape_Zernike_4_2
Cytoplasm	Cytoplasm_AreaShape_Zernike_4_4
Cytoplasm	Cytoplasm_AreaShape_Zernike_5_1
Cytoplasm	Cytoplasm_AreaShape_Zernike_5_3
Cytoplasm	Cytoplasm_AreaShape_Zernike_5_5
Cytoplasm	Cytoplasm_AreaShape_Zernike_6_0
Cytoplasm	Cytoplasm_AreaShape_Zernike_6_2
Cytoplasm	Cytoplasm_AreaShape_Zernike_6_4
Cytoplasm	Cytoplasm_AreaShape_Zernike_6_6
Cytoplasm	Cytoplasm_AreaShape_Zernike_7_1
Cytoplasm	Cytoplasm_AreaShape_Zernike_7_3
Cytoplasm	Cytoplasm_AreaShape_Zernike_7_5
Cytoplasm	Cytoplasm_AreaShape_Zernike_7_7
Cytoplasm	Cytoplasm_AreaShape_Zernike_8_0
Cytoplasm	Cytoplasm_AreaShape_Zernike_8_2
Cytoplasm	Cytoplasm_AreaShape_Zernike_8_4
Cytoplasm	Cytoplasm_AreaShape_Zernike_8_6
Cytoplasm	Cytoplasm_AreaShape_Zernike_8_8
Cytoplasm	Cytoplasm_AreaShape_Zernike_9_1
Cytoplasm	Cytoplasm_AreaShape_Zernike_9_3
Cytoplasm	Cytoplasm_AreaShape_Zernike_9_5
Cytoplasm	Cytoplasm_AreaShape_Zernike_9_7
Cytoplasm	Cytoplasm_AreaShape_Zernike_9_9
Cytoplasm	Cytoplasm_Correlation_Correlation_DNA_AGP
Cytoplasm	Cytoplasm_Correlation_Correlation_DNA_ER
Cytoplasm	Cytoplasm_Correlation_Correlation_DNA_Mito
Cytoplasm	Cytoplasm_Correlation_Correlation_DNA_RNA
Cytoplasm	Cytoplasm_Correlation_Correlation_ER_AGP
Cytoplasm	Cytoplasm_Correlation_Correlation_ER_RNA
Cytoplasm	Cytoplasm_Correlation_Correlation_Mito_AGP
Cytoplasm	Cytoplasm_Correlation_Correlation_Mito_ER
Cytoplasm	Cytoplasm_Correlation_Correlation_Mito_RNA
Cytoplasm	Cytoplasm_Correlation_Correlation_RNA_AGP
Cytoplasm	Cytoplasm_Correlation_Costes_AGP_DNA
Cytoplasm	Cytoplasm_Correlation_Costes_AGP_ER
Cytoplasm	Cytoplasm_Correlation_Costes_AGP_Mito
Cytoplasm	Cytoplasm_Correlation_Costes_AGP_RNA
Cytoplasm	Cytoplasm_Correlation_Costes_DNA_AGP
Cytoplasm	Cytoplasm_Correlation_Costes_DNA_ER
Cytoplasm	Cytoplasm_Correlation_Costes_DNA_Mito
Cytoplasm	Cytoplasm_Correlation_Costes_DNA_RNA
Cytoplasm	Cytoplasm_Correlation_Costes_ER_AGP
Cytoplasm	Cytoplasm_Correlation_Costes_ER_DNA
Cytoplasm	Cytoplasm_Correlation_Costes_ER_Mito
Cytoplasm	Cytoplasm_Correlation_Costes_ER_RNA
Cytoplasm	Cytoplasm_Correlation_Costes_Mito_AGP
Cytoplasm	Cytoplasm_Correlation_Costes_Mito_DNA
Cytoplasm	Cytoplasm_Correlation_Costes_Mito_ER
Cytoplasm	Cytoplasm_Correlation_Costes_Mito_RNA
Cytoplasm	Cytoplasm_Correlation_Costes_RNA_AGP
Cytoplasm	Cytoplasm_Correlation_Costes_RNA_DNA
Cytoplasm	Cytoplasm_Correlation_Costes_RNA_ER
Cytoplasm	Cytoplasm_Correlation_Costes_RNA_Mito
Cytoplasm	Cytoplasm_Correlation_K_AGP_DNA
Cytoplasm	Cytoplasm_Correlation_K_AGP_ER
Cytoplasm	Cytoplasm_Correlation_K_AGP_Mito
Cytoplasm	Cytoplasm_Correlation_K_AGP_RNA
Cytoplasm	Cytoplasm_Correlation_K_DNA_AGP
Cytoplasm	Cytoplasm_Correlation_K_DNA_ER
Cytoplasm	Cytoplasm_Correlation_K_DNA_Mito
Cytoplasm	Cytoplasm_Correlation_K_DNA_RNA
Cytoplasm	Cytoplasm_Correlation_K_ER_AGP
Cytoplasm	Cytoplasm_Correlation_K_ER_DNA
Cytoplasm	Cytoplasm_Correlation_K_ER_Mito
Cytoplasm	Cytoplasm_Correlation_K_ER_RNA
Cytoplasm	Cytoplasm_Correlation_K_Mito_AGP
Cytoplasm	Cytoplasm_Correlation_K_Mito_DNA
Cytoplasm	Cytoplasm_Correlation_K_Mito_ER
Cytoplasm	Cytoplasm_Correlation_K_Mito_RNA
Cytoplasm	Cytoplasm_Correlation_K_RNA_AGP
Cytoplasm	Cytoplasm_Correlation_K_RNA_DNA
Cytoplasm	Cytoplasm_Correlation_K_RNA_ER
Cytoplasm	Cytoplasm_Correlation_K_RNA_Mito
Cytoplasm	Cytoplasm_Correlation_Manders_AGP_DNA
Cytoplasm	Cytoplasm_Correlation_Manders_AGP_ER
Cytoplasm	Cytoplasm_Correlation_Manders_AGP_Mito
Cytoplasm	Cytoplasm_Correlation_Manders_AGP_RNA
Cytoplasm	Cytoplasm_Correlation_Manders_DNA_AGP
Cytoplasm	Cytoplasm_Correlation_Manders_DNA_ER
Cytoplasm	Cytoplasm_Correlation_Manders_DNA_Mito
Cytoplasm	Cytoplasm_Correlation_Manders_DNA_RNA
Cytoplasm	Cytoplasm_Correlation_Manders_ER_AGP
Cytoplasm	Cytoplasm_Correlation_Manders_ER_DNA
Cytoplasm	Cytoplasm_Correlation_Manders_ER_Mito
Cytoplasm	Cytoplasm_Correlation_Manders_ER_RNA
Cytoplasm	Cytoplasm_Correlation_Manders_Mito_AGP
Cytoplasm	Cytoplasm_Correlation_Manders_Mito_DNA
Cytoplasm	Cytoplasm_Correlation_Manders_Mito_ER
Cytoplasm	Cytoplasm_Correlation_Manders_Mito_RNA
Cytoplasm	Cytoplasm_Correlation_Manders_RNA_AGP
Cytoplasm	Cytoplasm_Correlation_Manders_RNA_DNA
Cytoplasm	Cytoplasm_Correlation_Manders_RNA_ER
Cytoplasm	Cytoplasm_Correlation_Manders_RNA_Mito
Cytoplasm	Cytoplasm_Correlation_Overlap_DNA_AGP
Cytoplasm	Cytoplasm_Correlation_Overlap_DNA_ER
Cytoplasm	Cytoplasm_Correlation_Overlap_DNA_Mito
Cytoplasm	Cytoplasm_Correlation_Overlap_DNA_RNA
Cytoplasm	Cytoplasm_Correlation_Overlap_ER_AGP
Cytoplasm	Cytoplasm_Correlation_Overlap_ER_RNA
Cytoplasm	Cytoplasm_Correlation_Overlap_Mito_AGP
Cytoplasm	Cytoplasm_Correlation_Overlap_Mito_ER
Cytoplasm	Cytoplasm_Correlation_Overlap_Mito_RNA
Cytoplasm	Cytoplasm_Correlation_Overlap_RNA_AGP
Cytoplasm	Cytoplasm_Correlation_RWC_AGP_DNA
Cytoplasm	Cytoplasm_Correlation_RWC_AGP_ER
Cytoplasm	Cytoplasm_Correlation_RWC_AGP_Mito
Cytoplasm	Cytoplasm_Correlation_RWC_AGP_RNA
Cytoplasm	Cytoplasm_Correlation_RWC_DNA_AGP
Cytoplasm	Cytoplasm_Correlation_RWC_DNA_ER
Cytoplasm	Cytoplasm_Correlation_RWC_DNA_Mito
Cytoplasm	Cytoplasm_Correlation_RWC_DNA_RNA
Cytoplasm	Cytoplasm_Correlation_RWC_ER_AGP
Cytoplasm	Cytoplasm_Correlation_RWC_ER_DNA
Cytoplasm	Cytoplasm_Correlation_RWC_ER_Mito
Cytoplasm	Cytoplasm_Correlation_RWC_ER_RNA
Cytoplasm	Cytoplasm_Correlation_RWC_Mito_AGP
Cytoplasm	Cytoplasm_Correlation_RWC_Mito_DNA
Cytoplasm	Cytoplasm_Correlation_RWC_Mito_ER
Cytoplasm	Cytoplasm_Correlation_RWC_Mito_RNA
Cytoplasm	Cytoplasm_Correlation_RWC_RNA_AGP
Cytoplasm	Cytoplasm_Correlation_RWC_RNA_DNA
Cytoplasm	Cytoplasm_Correlation_RWC_RNA_ER
Cytoplasm	Cytoplasm_Correlation_RWC_RNA_Mito
Cytoplasm	Cytoplasm_Granularity_10_AGP
Cytoplasm	Cytoplasm_Granularity_10_ER
Cytoplasm	Cytoplasm_Granularity_10_Mito
Cytoplasm	Cytoplasm_Granularity_10_RNA
Cytoplasm	Cytoplasm_Granularity_11_AGP
Cytoplasm	Cytoplasm_Granularity_11_ER
Cytoplasm	Cytoplasm_Granularity_11_Mito
Cytoplasm	Cytoplasm_Granularity_11_RNA
Cytoplasm	Cytoplasm_Granularity_12_AGP
Cytoplasm	Cytoplasm_Granularity_12_ER
Cytoplasm	Cytoplasm_Granularity_12_Mito
Cytoplasm	Cytoplasm_Granularity_12_RNA
Cytoplasm	Cytoplasm_Granularity_13_AGP
Cytoplasm	Cytoplasm_Granularity_13_ER
Cytoplasm	Cytoplasm_Granularity_13_Mito
Cytoplasm	Cytoplasm_Granularity_13_RNA
Cytoplasm	Cytoplasm_Granularity_14_AGP
Cytoplasm	Cytoplasm_Granularity_14_ER
Cytoplasm	Cytoplasm_Granularity_14_Mito
Cytoplasm	Cytoplasm_Granularity_14_RNA
Cytoplasm	Cytoplasm_Granularity_15_AGP
Cytoplasm	Cytoplasm_Granularity_15_ER
Cytoplasm	Cytoplasm_Granularity_15_Mito
Cytoplasm	Cytoplasm_Granularity_15_RNA
Cytoplasm	Cytoplasm_Granularity_16_AGP
Cytoplasm	Cytoplasm_Granularity_16_ER
Cytoplasm	Cytoplasm_Granularity_16_Mito
Cytoplasm	Cytoplasm_Granularity_16_RNA
Cytoplasm	Cytoplasm_Granularity_1_AGP
Cytoplasm	Cytoplasm_Granularity_1_ER
Cytoplasm	Cytoplasm_Granularity_1_Mito
Cytoplasm	Cytoplasm_Granularity_1_RNA
Cytoplasm	Cytoplasm_Granularity_2_AGP
Cytoplasm	Cytoplasm_Granularity_2_ER
Cytoplasm	Cytoplasm_Granularity_2_Mito
Cytoplasm	Cytoplasm_Granularity_2_RNA
Cytoplasm	Cytoplasm_Granularity_3_AGP
Cytoplasm	Cytoplasm_Granularity_3_ER
Cytoplasm	Cytoplasm_Granularity_3_Mito
Cytoplasm	Cytoplasm_Granularity_3_RNA
Cytoplasm	Cytoplasm_Granularity_4_AGP
Cytoplasm	Cytoplasm_Granularity_4_ER
Cytoplasm	Cytoplasm_Granularity_4_Mito
Cytoplasm	Cytoplasm_Granularity_4_RNA
Cytoplasm	Cytoplasm_Granularity_5_AGP
Cytoplasm	Cytoplasm_Granularity_5_ER
Cytoplasm	Cytoplasm_Granularity_5_Mito
Cytoplasm	Cytoplasm_Granularity_5_RNA
Cytoplasm	Cytoplasm_Granularity_6_AGP
Cytoplasm	Cytoplasm_Granularity_6_ER
Cytoplasm	Cytoplasm_Granularity_6_Mito
Cytoplasm	Cytoplasm_Granularity_6_RNA
Cytoplasm	Cytoplasm_Granularity_7_AGP
Cytoplasm	Cytoplasm_Granularity_7_ER
Cytoplasm	Cytoplasm_Granularity_7_Mito
Cytoplasm	Cytoplasm_Granularity_7_RNA
Cytoplasm	Cytoplasm_Granularity_8_AGP
Cytoplasm	Cytoplasm_Granularity_8_ER
Cytoplasm	Cytoplasm_Granularity_8_Mito
Cytoplasm	Cytoplasm_Granularity_8_RNA
Cytoplasm	Cytoplasm_Granularity_9_AGP
Cytoplasm	Cytoplasm_Granularity_9_ER
Cytoplasm	Cytoplasm_Granularity_9_Mito
Cytoplasm	Cytoplasm_Granularity_9_RNA
Cytoplasm	Cytoplasm_Intensity_IntegratedIntensityEdge_AGP
Cytoplasm	Cytoplasm_Intensity_IntegratedIntensityEdge_DNA
Cytoplasm	Cytoplasm_Intensity_IntegratedIntensityEdge_ER
Cytoplasm	Cytoplasm_Intensity_IntegratedIntensityEdge_Mito
Cytoplasm	Cytoplasm_Intensity_IntegratedIntensityEdge_RNA
Cytoplasm	Cytoplasm_Intensity_IntegratedIntensity_AGP
Cytoplasm	Cytoplasm_Intensity_IntegratedIntensity_DNA
Cytoplasm	Cytoplasm_Intensity_IntegratedIntensity_ER
Cytoplasm	Cytoplasm_Intensity_IntegratedIntensity_Mito
Cytoplasm	Cytoplasm_Intensity_IntegratedIntensity_RNA
Cytoplasm	Cytoplasm_Intensity_LowerQuartileIntensity_AGP
Cytoplasm	Cytoplasm_Intensity_LowerQuartileIntensity_DNA
Cytoplasm	Cytoplasm_Intensity_LowerQuartileIntensity_ER
Cytoplasm	Cytoplasm_Intensity_LowerQuartileIntensity_Mito
Cytoplasm	Cytoplasm_Intensity_LowerQuartileIntensity_RNA
Cytoplasm	Cytoplasm_Intensity_MADIntensity_AGP
Cytoplasm	Cytoplasm_Intensity_MADIntensity_DNA
Cytoplasm	Cytoplasm_Intensity_MADIntensity_ER
Cytoplasm	Cytoplasm_Intensity_MADIntensity_Mito
Cytoplasm	Cytoplasm_Intensity_MADIntensity_RNA
Cytoplasm	Cytoplasm_Intensity_MassDisplacement_AGP
Cytoplasm	Cytoplasm_Intensity_MassDisplacement_DNA
Cytoplasm	Cytoplasm_Intensity_MassDisplacement_ER
Cytoplasm	Cytoplasm_Intensity_MassDisplacement_Mito
Cytoplasm	Cytoplasm_Intensity_MassDisplacement_RNA
Cytoplasm	Cytoplasm_Intensity_MaxIntensityEdge_AGP
Cytoplasm	Cytoplasm_Intensity_MaxIntensityEdge_DNA
Cytoplasm	Cytoplasm_Intensity_MaxIntensityEdge_ER
Cytoplasm	Cytoplasm_Intensity_MaxIntensityEdge_Mito
Cytoplasm	Cytoplasm_Intensity_MaxIntensityEdge_RNA
Cytoplasm	Cytoplasm_Intensity_MaxIntensity_AGP
Cytoplasm	Cytoplasm_Intensity_MaxIntensity_DNA
Cytoplasm	Cytoplasm_Intensity_MaxIntensity_ER
Cytoplasm	Cytoplasm_Intensity_MaxIntensity_Mito
Cytoplasm	Cytoplasm_Intensity_MaxIntensity_RNA
Cytoplasm	Cytoplasm_Intensity_MeanIntensityEdge_AGP
Cytoplasm	Cytoplasm_Intensity_MeanIntensityEdge_DNA
Cytoplasm	Cytoplasm_Intensity_MeanIntensityEdge_ER
Cytoplasm	Cytoplasm_Intensity_MeanIntensityEdge_Mito
Cytoplasm	Cytoplasm_Intensity_MeanIntensityEdge_RNA
Cytoplasm	Cytoplasm_Intensity_MeanIntensity_AGP
Cytoplasm	Cytoplasm_Intensity_MeanIntensity_DNA
Cytoplasm	Cytoplasm_Intensity_MeanIntensity_ER
Cytoplasm	Cytoplasm_Intensity_MeanIntensity_Mito
Cytoplasm	Cytoplasm_Intensity_MeanIntensity_RNA
Cytoplasm	Cytoplasm_Intensity_MedianIntensity_AGP
Cytoplasm	Cytoplasm_Intensity_MedianIntensity_DNA
Cytoplasm	Cytoplasm_Intensity_MedianIntensity_ER
Cytoplasm	Cytoplasm_Intensity_MedianIntensity_Mito
Cytoplasm	Cytoplasm_Intensity_MedianIntensity_RNA
Cytoplasm	Cytoplasm_Intensity_MinIntensityEdge_AGP
Cytoplasm	Cytoplasm_Intensity_MinIntensityEdge_DNA
Cytoplasm	Cytoplasm_Intensity_MinIntensityEdge_ER
Cytoplasm	Cytoplasm_Intensity_MinIntensityEdge_Mito
Cytoplasm	Cytoplasm_Intensity_MinIntensityEdge_RNA
Cytoplasm	Cytoplasm_Intensity_MinIntensity_AGP
Cytoplasm	Cytoplasm_Intensity_MinIntensity_DNA
Cytoplasm	Cytoplasm_Intensity_MinIntensity_ER
Cytoplasm	Cytoplasm_Intensity_MinIntensity_Mito
Cytoplasm	Cytoplasm_Intensity_MinIntensity_RNA
Cytoplasm	Cytoplasm_Intensity_StdIntensityEdge_AGP
Cytoplasm	Cytoplasm_Intensity_StdIntensityEdge_DNA
Cytoplasm	Cytoplasm_Intensity_StdIntensityEdge_ER
Cytoplasm	Cytoplasm_Intensity_StdIntensityEdge_Mito
Cytoplasm	Cytoplasm_Intensity_StdIntensityEdge_RNA
Cytoplasm	Cytoplasm_Intensity_StdIntensity_AGP
Cytoplasm	Cytoplasm_Intensity_StdIntensity_DNA
Cytoplasm	Cytoplasm_Intensity_StdIntensity_ER
Cytoplasm	Cytoplasm_Intensity_StdIntensity_Mito
Cytoplasm	Cytoplasm_Intensity_StdIntensity_RNA
Cytoplasm	Cytoplasm_Intensity_UpperQuartileIntensity_AGP
Cytoplasm	Cytoplasm_Intensity_UpperQuartileIntensity_DNA
Cytoplasm	Cytoplasm_Intensity_UpperQuartileIntensity_ER
Cytoplasm	Cytoplasm_Intensity_UpperQuartileIntensity_Mito
Cytoplasm	Cytoplasm_Intensity_UpperQuartileIntensity_RNA
Cytoplasm	Cytoplasm_Location_CenterMassIntensity_X_AGP
Cytoplasm	Cytoplasm_Location_CenterMassIntensity_X_DNA
Cytoplasm	Cytoplasm_Location_CenterMassIntensity_X_ER
Cytoplasm	Cytoplasm_Location_CenterMassIntensity_X_Mito
Cytoplasm	Cytoplasm_Location_CenterMassIntensity_X_RNA
Cytoplasm	Cytoplasm_Location_CenterMassIntensity_Y_AGP
Cytoplasm	Cytoplasm_Location_CenterMassIntensity_Y_DNA
Cytoplasm	Cytoplasm_Location_CenterMassIntensity_Y_ER
Cytoplasm	Cytoplasm_Location_CenterMassIntensity_Y_Mito
Cytoplasm	Cytoplasm_Location_CenterMassIntensity_Y_RNA
Cytoplasm	Cytoplasm_Location_Center_X
Cytoplasm	Cytoplasm_Location_Center_Y
Cytoplasm	Cytoplasm_Location_MaxIntensity_X_AGP
Cytoplasm	Cytoplasm_Location_MaxIntensity_X_DNA
Cytoplasm	Cytoplasm_Location_MaxIntensity_X_ER
Cytoplasm	Cytoplasm_Location_MaxIntensity_X_Mito
Cytoplasm	Cytoplasm_Location_MaxIntensity_X_RNA
Cytoplasm	Cytoplasm_Location_MaxIntensity_Y_AGP
Cytoplasm	Cytoplasm_Location_MaxIntensity_Y_DNA
Cytoplasm	Cytoplasm_Location_MaxIntensity_Y_ER
Cytoplasm	Cytoplasm_Location_MaxIntensity_Y_Mito
Cytoplasm	Cytoplasm_Location_MaxIntensity_Y_RNA
Cytoplasm	Cytoplasm_Number_Object_Number
Cytoplasm	Cytoplasm_RadialDistribution_FracAtD_AGP_1of4
Cytoplasm	Cytoplasm_RadialDistribution_FracAtD_AGP_2of4
Cytoplasm	Cytoplasm_RadialDistribution_FracAtD_AGP_3of4
Cytoplasm	Cytoplasm_RadialDistribution_FracAtD_AGP_4of4
Cytoplasm	Cytoplasm_RadialDistribution_FracAtD_ER_1of4
Cytoplasm	Cytoplasm_RadialDistribution_FracAtD_ER_2of4
Cytoplasm	Cytoplasm_RadialDistribution_FracAtD_ER_3of4
Cytoplasm	Cytoplasm_RadialDistribution_FracAtD_ER_4of4
Cytoplasm	Cytoplasm_RadialDistribution_FracAtD_Mito_1of4
Cytoplasm	Cytoplasm_RadialDistribution_FracAtD_Mito_2of4
Cytoplasm	Cytoplasm_RadialDistribution_FracAtD_Mito_3of4
Cytoplasm	Cytoplasm_RadialDistribution_FracAtD_Mito_4of4
Cytoplasm	Cytoplasm_RadialDistribution_FracAtD_RNA_1of4
Cytoplasm	Cytoplasm_RadialDistribution_FracAtD_RNA_2of4
Cytoplasm	Cytoplasm_RadialDistribution_FracAtD_RNA_3of4
Cytoplasm	Cytoplasm_RadialDistribution_FracAtD_RNA_4of4
Cytoplasm	Cytoplasm_RadialDistribution_MeanFrac_AGP_1of4
Cytoplasm	Cytoplasm_RadialDistribution_MeanFrac_AGP_2of4
Cytoplasm	Cytoplasm_RadialDistribution_MeanFrac_AGP_3of4
Cytoplasm	Cytoplasm_RadialDistribution_MeanFrac_AGP_4of4
Cytoplasm	Cytoplasm_RadialDistribution_MeanFrac_ER_1of4
Cytoplasm	Cytoplasm_RadialDistribution_MeanFrac_ER_2of4
Cytoplasm	Cytoplasm_RadialDistribution_MeanFrac_ER_3of4
Cytoplasm	Cytoplasm_RadialDistribution_MeanFrac_ER_4of4
Cytoplasm	Cytoplasm_RadialDistribution_MeanFrac_Mito_1of4
Cytoplasm	Cytoplasm_RadialDistribution_MeanFrac_Mito_2of4
Cytoplasm	Cytoplasm_RadialDistribution_MeanFrac_Mito_3of4
Cytoplasm	Cytoplasm_RadialDistribution_MeanFrac_Mito_4of4
Cytoplasm	Cytoplasm_RadialDistribution_MeanFrac_RNA_1of4
Cytoplasm	Cytoplasm_RadialDistribution_MeanFrac_RNA_2of4
Cytoplasm	Cytoplasm_RadialDistribution_MeanFrac_RNA_3of4
Cytoplasm	Cytoplasm_RadialDistribution_MeanFrac_RNA_4of4
Cytoplasm	Cytoplasm_RadialDistribution_RadialCV_AGP_1of4
Cytoplasm	Cytoplasm_RadialDistribution_RadialCV_AGP_2of4
Cytoplasm	Cytoplasm_RadialDistribution_RadialCV_AGP_3of4
Cytoplasm	Cytoplasm_RadialDistribution_RadialCV_AGP_4of4
Cytoplasm	Cytoplasm_RadialDistribution_RadialCV_ER_1of4
Cytoplasm	Cytoplasm_RadialDistribution_RadialCV_ER_2of4
Cytoplasm	Cytoplasm_RadialDistribution_RadialCV_ER_3of4
Cytoplasm	Cytoplasm_RadialDistribution_RadialCV_ER_4of4
Cytoplasm	Cytoplasm_RadialDistribution_RadialCV_Mito_1of4
Cytoplasm	Cytoplasm_RadialDistribution_RadialCV_Mito_2of4
Cytoplasm	Cytoplasm_RadialDistribution_RadialCV_Mito_3of4
Cytoplasm	Cytoplasm_RadialDistribution_RadialCV_Mito_4of4
Cytoplasm	Cytoplasm_RadialDistribution_RadialCV_RNA_1of4
Cytoplasm	Cytoplasm_RadialDistribution_RadialCV_RNA_2of4
Cytoplasm	Cytoplasm_RadialDistribution_RadialCV_RNA_3of4
Cytoplasm	Cytoplasm_RadialDistribution_RadialCV_RNA_4of4
Cytoplasm	Cytoplasm_Texture_AngularSecondMoment_AGP_10_0
Cytoplasm	Cytoplasm_Texture_AngularSecondMoment_AGP_20_0
Cytoplasm	Cytoplasm_Texture_AngularSecondMoment_AGP_5_0
Cytoplasm	Cytoplasm_Texture_AngularSecondMoment_DNA_10_0
Cytoplasm	Cytoplasm_Texture_AngularSecondMoment_DNA_20_0
Cytoplasm	Cytoplasm_Texture_AngularSecondMoment_DNA_5_0
Cytoplasm	Cytoplasm_Texture_AngularSecondMoment_ER_10_0
Cytoplasm	Cytoplasm_Texture_AngularSecondMoment_ER_20_0
Cytoplasm	Cytoplasm_Texture_AngularSecondMoment_ER_5_0
Cytoplasm	Cytoplasm_Texture_AngularSecondMoment_Mito_10_0
Cytoplasm	Cytoplasm_Texture_AngularSecondMoment_Mito_20_0
Cytoplasm	Cytoplasm_Texture_AngularSecondMoment_Mito_5_0
Cytoplasm	Cytoplasm_Texture_AngularSecondMoment_RNA_10_0
Cytoplasm	Cytoplasm_Texture_AngularSecondMoment_RNA_20_0
Cytoplasm	Cytoplasm_Texture_AngularSecondMoment_RNA_5_0
Cytoplasm	Cytoplasm_Texture_Contrast_AGP_10_0
Cytoplasm	Cytoplasm_Texture_Contrast_AGP_20_0
Cytoplasm	Cytoplasm_Texture_Contrast_AGP_5_0
Cytoplasm	Cytoplasm_Texture_Contrast_DNA_10_0
Cytoplasm	Cytoplasm_Texture_Contrast_DNA_20_0
Cytoplasm	Cytoplasm_Texture_Contrast_DNA_5_0
Cytoplasm	Cytoplasm_Texture_Contrast_ER_10_0
Cytoplasm	Cytoplasm_Texture_Contrast_ER_20_0
Cytoplasm	Cytoplasm_Texture_Contrast_ER_5_0
Cytoplasm	Cytoplasm_Texture_Contrast_Mito_10_0
Cytoplasm	Cytoplasm_Texture_Contrast_Mito_20_0
Cytoplasm	Cytoplasm_Texture_Contrast_Mito_5_0
Cytoplasm	Cytoplasm_Texture_Contrast_RNA_10_0
Cytoplasm	Cytoplasm_Texture_Contrast_RNA_20_0
Cytoplasm	Cytoplasm_Texture_Contrast_RNA_5_0
Cytoplasm	Cytoplasm_Texture_Correlation_AGP_10_0
Cytoplasm	Cytoplasm_Texture_Correlation_AGP_20_0
Cytoplasm	Cytoplasm_Texture_Correlation_AGP_5_0
Cytoplasm	Cytoplasm_Texture_Correlation_DNA_10_0
Cytoplasm	Cytoplasm_Texture_Correlation_DNA_20_0
Cytoplasm	Cytoplasm_Texture_Correlation_DNA_5_0
Cytoplasm	Cytoplasm_Texture_Correlation_ER_10_0
Cytoplasm	Cytoplasm_Texture_Correlation_ER_20_0
Cytoplasm	Cytoplasm_Texture_Correlation_ER_5_0
Cytoplasm	Cytoplasm_Texture_Correlation_Mito_10_0
Cytoplasm	Cytoplasm_Texture_Correlation_Mito_20_0
Cytoplasm	Cytoplasm_Texture_Correlation_Mito_5_0
Cytoplasm	Cytoplasm_Texture_Correlation_RNA_10_0
Cytoplasm	Cytoplasm_Texture_Correlation_RNA_20_0
Cytoplasm	Cytoplasm_Texture_Correlation_RNA_5_0
Cytoplasm	Cytoplasm_Texture_DifferenceEntropy_AGP_10_0
Cytoplasm	Cytoplasm_Texture_DifferenceEntropy_AGP_20_0
Cytoplasm	Cytoplasm_Texture_DifferenceEntropy_AGP_5_0
Cytoplasm	Cytoplasm_Texture_DifferenceEntropy_DNA_10_0
Cytoplasm	Cytoplasm_Texture_DifferenceEntropy_DNA_20_0
Cytoplasm	Cytoplasm_Texture_DifferenceEntropy_DNA_5_0
Cytoplasm	Cytoplasm_Texture_DifferenceEntropy_ER_10_0
Cytoplasm	Cytoplasm_Texture_DifferenceEntropy_ER_20_0
Cytoplasm	Cytoplasm_Texture_DifferenceEntropy_ER_5_0
Cytoplasm	Cytoplasm_Texture_DifferenceEntropy_Mito_10_0
Cytoplasm	Cytoplasm_Texture_DifferenceEntropy_Mito_20_0
Cytoplasm	Cytoplasm_Texture_DifferenceEntropy_Mito_5_0
Cytoplasm	Cytoplasm_Texture_DifferenceEntropy_RNA_10_0
Cytoplasm	Cytoplasm_Texture_DifferenceEntropy_RNA_20_0
Cytoplasm	Cytoplasm_Texture_DifferenceEntropy_RNA_5_0
Cytoplasm	Cytoplasm_Texture_DifferenceVariance_AGP_10_0
Cytoplasm	Cytoplasm_Texture_DifferenceVariance_AGP_20_0
Cytoplasm	Cytoplasm_Texture_DifferenceVariance_AGP_5_0
Cytoplasm	Cytoplasm_Texture_DifferenceVariance_DNA_10_0
Cytoplasm	Cytoplasm_Texture_DifferenceVariance_DNA_20_0
Cytoplasm	Cytoplasm_Texture_DifferenceVariance_DNA_5_0
Cytoplasm	Cytoplasm_Texture_DifferenceVariance_ER_10_0
Cytoplasm	Cytoplasm_Texture_DifferenceVariance_ER_20_0
Cytoplasm	Cytoplasm_Texture_DifferenceVariance_ER_5_0
Cytoplasm	Cytoplasm_Texture_DifferenceVariance_Mito_10_0
Cytoplasm	Cytoplasm_Texture_DifferenceVariance_Mito_20_0
Cytoplasm	Cytoplasm_Texture_DifferenceVariance_Mito_5_0
Cytoplasm	Cytoplasm_Texture_DifferenceVariance_RNA_10_0
Cytoplasm	Cytoplasm_Texture_DifferenceVariance_RNA_20_0
Cytoplasm	Cytoplasm_Texture_DifferenceVariance_RNA_5_0
Cytoplasm	Cytoplasm_Texture_Entropy_AGP_10_0
Cytoplasm	Cytoplasm_Texture_Entropy_AGP_20_0
Cytoplasm	Cytoplasm_Texture_Entropy_AGP_5_0
Cytoplasm	Cytoplasm_Texture_Entropy_DNA_10_0
Cytoplasm	Cytoplasm_Texture_Entropy_DNA_20_0
Cytoplasm	Cytoplasm_Texture_Entropy_DNA_5_0
Cytoplasm	Cytoplasm_Texture_Entropy_ER_10_0
Cytoplasm	Cytoplasm_Texture_Entropy_ER_20_0
Cytoplasm	Cytoplasm_Texture_Entropy_ER_5_0
Cytoplasm	Cytoplasm_Texture_Entropy_Mito_10_0
Cytoplasm	Cytoplasm_Texture_Entropy_Mito_20_0
Cytoplasm	Cytoplasm_Texture_Entropy_Mito_5_0
Cytoplasm	Cytoplasm_Texture_Entropy_RNA_10_0
Cytoplasm	Cytoplasm_Texture_Entropy_RNA_20_0
Cytoplasm	Cytoplasm_Texture_Entropy_RNA_5_0
Cytoplasm	Cytoplasm_Texture_Gabor_AGP_10
Cytoplasm	Cytoplasm_Texture_Gabor_AGP_20
Cytoplasm	Cytoplasm_Texture_Gabor_AGP_5
Cytoplasm	Cytoplasm_Texture_Gabor_DNA_10
Cytoplasm	Cytoplasm_Texture_Gabor_DNA_20
Cytoplasm	Cytoplasm_Texture_Gabor_DNA_5
Cytoplasm	Cytoplasm_Texture_Gabor_ER_10
Cytoplasm	Cytoplasm_Texture_Gabor_ER_20
Cytoplasm	Cytoplasm_Texture_Gabor_ER_5
Cytoplasm	Cytoplasm_Texture_Gabor_Mito_10
Cytoplasm	Cytoplasm_Texture_Gabor_Mito_20
Cytoplasm	Cytoplasm_Texture_Gabor_Mito_5
Cytoplasm	Cytoplasm_Texture_Gabor_RNA_10
Cytoplasm	Cytoplasm_Texture_Gabor_RNA_20
Cytoplasm	Cytoplasm_Texture_Gabor_RNA_5
Cytoplasm	Cytoplasm_Texture_InfoMeas1_AGP_10_0
Cytoplasm	Cytoplasm_Texture_InfoMeas1_AGP_20_0
Cytoplasm	Cytoplasm_Texture_InfoMeas1_AGP_5_0
Cytoplasm	Cytoplasm_Texture_InfoMeas1_DNA_10_0
Cytoplasm	Cytoplasm_Texture_InfoMeas1_DNA_20_0
Cytoplasm	Cytoplasm_Texture_InfoMeas1_DNA_5_0
Cytoplasm	Cytoplasm_Texture_InfoMeas1_ER_10_0
Cytoplasm	Cytoplasm_Texture_InfoMeas1_ER_20_0
Cytoplasm	Cytoplasm_Texture_InfoMeas1_ER_5_0
Cytoplasm	Cytoplasm_Texture_InfoMeas1_Mito_10_0
Cytoplasm	Cytoplasm_Texture_InfoMeas1_Mito_20_0
Cytoplasm	Cytoplasm_Texture_InfoMeas1_Mito_5_0
Cytoplasm	Cytoplasm_Texture_InfoMeas1_RNA_10_0
Cytoplasm	Cytoplasm_Texture_InfoMeas1_RNA_20_0
Cytoplasm	Cytoplasm_Texture_InfoMeas1_RNA_5_0
Cytoplasm	Cytoplasm_Texture_InfoMeas2_AGP_10_0
Cytoplasm	Cytoplasm_Texture_InfoMeas2_AGP_20_0
Cytoplasm	Cytoplasm_Texture_InfoMeas2_AGP_5_0
Cytoplasm	Cytoplasm_Texture_InfoMeas2_DNA_10_0
Cytoplasm	Cytoplasm_Texture_InfoMeas2_DNA_20_0
Cytoplasm	Cytoplasm_Texture_InfoMeas2_DNA_5_0
Cytoplasm	Cytoplasm_Texture_InfoMeas2_ER_10_0
Cytoplasm	Cytoplasm_Texture_InfoMeas2_ER_20_0
Cytoplasm	Cytoplasm_Texture_InfoMeas2_ER_5_0
Cytoplasm	Cytoplasm_Texture_InfoMeas2_Mito_10_0
Cytoplasm	Cytoplasm_Texture_InfoMeas2_Mito_20_0
Cytoplasm	Cytoplasm_Texture_InfoMeas2_Mito_5_0
Cytoplasm	Cytoplasm_Texture_InfoMeas2_RNA_10_0
Cytoplasm	Cytoplasm_Texture_InfoMeas2_RNA_20_0
Cytoplasm	Cytoplasm_Texture_InfoMeas2_RNA_5_0
Cytoplasm	Cytoplasm_Texture_InverseDifferenceMoment_AGP_10_0
Cytoplasm	Cytoplasm_Texture_InverseDifferenceMoment_AGP_20_0
Cytoplasm	Cytoplasm_Texture_InverseDifferenceMoment_AGP_5_0
Cytoplasm	Cytoplasm_Texture_InverseDifferenceMoment_DNA_10_0
Cytoplasm	Cytoplasm_Texture_InverseDifferenceMoment_DNA_20_0
Cytoplasm	Cytoplasm_Texture_InverseDifferenceMoment_DNA_5_0
Cytoplasm	Cytoplasm_Texture_InverseDifferenceMoment_ER_10_0
Cytoplasm	Cytoplasm_Texture_InverseDifferenceMoment_ER_20_0
Cytoplasm	Cytoplasm_Texture_InverseDifferenceMoment_ER_5_0
Cytoplasm	Cytoplasm_Texture_InverseDifferenceMoment_Mito_10_0
Cytoplasm	Cytoplasm_Texture_InverseDifferenceMoment_Mito_20_0
Cytoplasm	Cytoplasm_Texture_InverseDifferenceMoment_Mito_5_0
Cytoplasm	Cytoplasm_Texture_InverseDifferenceMoment_RNA_10_0
Cytoplasm	Cytoplasm_Texture_InverseDifferenceMoment_RNA_20_0
Cytoplasm	Cytoplasm_Texture_InverseDifferenceMoment_RNA_5_0
Cytoplasm	Cytoplasm_Texture_SumAverage_AGP_10_0
Cytoplasm	Cytoplasm_Texture_SumAverage_AGP_20_0
Cytoplasm	Cytoplasm_Texture_SumAverage_AGP_5_0
Cytoplasm	Cytoplasm_Texture_SumAverage_DNA_10_0
Cytoplasm	Cytoplasm_Texture_SumAverage_DNA_20_0
Cytoplasm	Cytoplasm_Texture_SumAverage_DNA_5_0
Cytoplasm	Cytoplasm_Texture_SumAverage_ER_10_0
Cytoplasm	Cytoplasm_Texture_SumAverage_ER_20_0
Cytoplasm	Cytoplasm_Texture_SumAverage_ER_5_0
Cytoplasm	Cytoplasm_Texture_SumAverage_Mito_10_0
Cytoplasm	Cytoplasm_Texture_SumAverage_Mito_20_0
Cytoplasm	Cytoplasm_Texture_SumAverage_Mito_5_0
Cytoplasm	Cytoplasm_Texture_SumAverage_RNA_10_0
Cytoplasm	Cytoplasm_Texture_SumAverage_RNA_20_0
Cytoplasm	Cytoplasm_Texture_SumAverage_RNA_5_0
Cytoplasm	Cytoplasm_Texture_SumEntropy_AGP_10_0
Cytoplasm	Cytoplasm_Texture_SumEntropy_AGP_20_0
Cytoplasm	Cytoplasm_Texture_SumEntropy_AGP_5_0
Cytoplasm	Cytoplasm_Texture_SumEntropy_DNA_10_0
Cytoplasm	Cytoplasm_Texture_SumEntropy_DNA_20_0
Cytoplasm	Cytoplasm_Texture_SumEntropy_DNA_5_0
Cytoplasm	Cytoplasm_Texture_SumEntropy_ER_10_0
Cytoplasm	Cytoplasm_Texture_SumEntropy_ER_20_0
Cytoplasm	Cytoplasm_Texture_SumEntropy_ER_5_0
Cytoplasm	Cytoplasm_Texture_SumEntropy_Mito_10_0
Cytoplasm	Cytoplasm_Texture_SumEntropy_Mito_20_0
Cytoplasm	Cytoplasm_Texture_SumEntropy_Mito_5_0
Cytoplasm	Cytoplasm_Texture_SumEntropy_RNA_10_0
Cytoplasm	Cytoplasm_Texture_SumEntropy_RNA_20_0
Cytoplasm	Cytoplasm_Texture_SumEntropy_RNA_5_0
Cytoplasm	Cytoplasm_Texture_SumVariance_AGP_10_0
Cytoplasm	Cytoplasm_Texture_SumVariance_AGP_20_0
Cytoplasm	Cytoplasm_Texture_SumVariance_AGP_5_0
Cytoplasm	Cytoplasm_Texture_SumVariance_DNA_10_0
Cytoplasm	Cytoplasm_Texture_SumVariance_DNA_20_0
Cytoplasm	Cytoplasm_Texture_SumVariance_DNA_5_0
Cytoplasm	Cytoplasm_Texture_SumVariance_ER_10_0
Cytoplasm	Cytoplasm_Texture_SumVariance_ER_20_0
Cytoplasm	Cytoplasm_Texture_SumVariance_ER_5_0
Cytoplasm	Cytoplasm_Texture_SumVariance_Mito_10_0
Cytoplasm	Cytoplasm_Texture_SumVariance_Mito_20_0
Cytoplasm	Cytoplasm_Texture_SumVariance_Mito_5_0
Cytoplasm	Cytoplasm_Texture_SumVariance_RNA_10_0
Cytoplasm	Cytoplasm_Texture_SumVariance_RNA_20_0
Cytoplasm	Cytoplasm_Texture_SumVariance_RNA_5_0
Cytoplasm	Cytoplasm_Texture_Variance_AGP_10_0
Cytoplasm	Cytoplasm_Texture_Variance_AGP_20_0
Cytoplasm	Cytoplasm_Texture_Variance_AGP_5_0
Cytoplasm	Cytoplasm_Texture_Variance_DNA_10_0
Cytoplasm	Cytoplasm_Texture_Variance_DNA_20_0
Cytoplasm	Cytoplasm_Texture_Variance_DNA_5_0
Cytoplasm	Cytoplasm_Texture_Variance_ER_10_0
Cytoplasm	Cytoplasm_Texture_Variance_ER_20_0
Cytoplasm	Cytoplasm_Texture_Variance_ER_5_0
Cytoplasm	Cytoplasm_Texture_Variance_Mito_10_0
Cytoplasm	Cytoplasm_Texture_Variance_Mito_20_0
Cytoplasm	Cytoplasm_Texture_Variance_Mito_5_0
Cytoplasm	Cytoplasm_Texture_Variance_RNA_10_0
Cytoplasm	Cytoplasm_Texture_Variance_RNA_20_0
Cytoplasm	Cytoplasm_Texture_Variance_RNA_5_0
Cells	Cells_AreaShape_Area
Cells	Cells_AreaShape_Center_X
Cells	Cells_AreaShape_Center_Y
Cells	Cells_AreaShape_Compactness
Cells	Cells_AreaShape_Eccentricity
Cells	Cells_AreaShape_EulerNumber
Cells	Cells_AreaShape_Extent
Cells	Cells_AreaShape_FormFactor
Cells	Cells_AreaShape_MajorAxisLength
Cells	Cells_AreaShape_MaxFeretDiameter
Cells	Cells_AreaShape_MaximumRadius
Cells	Cells_AreaShape_MeanRadius
Cells	Cells_AreaShape_MedianRadius
Cells	Cells_AreaShape_MinFeretDiameter
Cells	Cells_AreaShape_MinorAxisLength
Cells	Cells_AreaShape_Orientation
Cells	Cells_AreaShape_Perimeter
Cells	Cells_AreaShape_Solidity
Cells	Cells_AreaShape_Zernike_0_0
Cells	Cells_AreaShape_Zernike_1_1
Cells	Cells_AreaShape_Zernike_2_0
Cells	Cells_AreaShape_Zernike_2_2
Cells	Cells_AreaShape_Zernike_3_1
Cells	Cells_AreaShape_Zernike_3_3
Cells	Cells_AreaShape_Zernike_4_0
Cells	Cells_AreaShape_Zernike_4_2
Cells	Cells_AreaShape_Zernike_4_4
Cells	Cells_AreaShape_Zernike_5_1
Cells	Cells_AreaShape_Zernike_5_3
Cells	Cells_AreaShape_Zernike_5_5
Cells	Cells_AreaShape_Zernike_6_0
Cells	Cells_AreaShape_Zernike_6_2
Cells	Cells_AreaShape_Zernike_6_4
Cells	Cells_AreaShape_Zernike_6_6
Cells	Cells_AreaShape_Zernike_7_1
Cells	Cells_AreaShape_Zernike_7_3
Cells	Cells_AreaShape_Zernike_7_5
Cells	Cells_AreaShape_Zernike_7_7
Cells	Cells_AreaShape_Zernike_8_0
Cells	Cells_AreaShape_Zernike_8_2
Cells	Cells_AreaShape_Zernike_8_4
Cells	Cells_AreaShape_Zernike_8_6
Cells	Cells_AreaShape_Zernike_8_8
Cells	Cells_AreaShape_Zernike_9_1
Cells	Cells_AreaShape_Zernike_9_3
Cells	Cells_AreaShape_Zernike_9_5
Cells	Cells_AreaShape_Zernike_9_7
Cells	Cells_AreaShape_Zernike_9_9
Cells	Cells_Children_Cytoplasm_Count
Cells	Cells_Correlation_Correlation_DNA_AGP
Cells	Cells_Correlation_Correlation_DNA_ER
Cells	Cells_Correlation_Correlation_DNA_Mito
Cells	Cells_Correlation_Correlation_DNA_RNA
Cells	Cells_Correlation_Correlation_ER_AGP
Cells	Cells_Correlation_Correlation_ER_RNA
Cells	Cells_Correlation_Correlation_Mito_AGP
Cells	Cells_Correlation_Correlation_Mito_ER
Cells	Cells_Correlation_Correlation_Mito_RNA
Cells	Cells_Correlation_Correlation_RNA_AGP
Cells	Cells_Correlation_Costes_AGP_DNA
Cells	Cells_Correlation_Costes_AGP_ER
Cells	Cells_Correlation_Costes_AGP_Mito
Cells	Cells_Correlation_Costes_AGP_RNA
Cells	Cells_Correlation_Costes_DNA_AGP
Cells	Cells_Correlation_Costes_DNA_ER
Cells	Cells_Correlation_Costes_DNA_Mito
Cells	Cells_Correlation_Costes_DNA_RNA
Cells	Cells_Correlation_Costes_ER_AGP
Cells	Cells_Correlation_Costes_ER_DNA
Cells	Cells_Correlation_Costes_ER_Mito
Cells	Cells_Correlation_Costes_ER_RNA
Cells	Cells_Correlation_Costes_Mito_AGP
Cells	Cells_Correlation_Costes_Mito_DNA
Cells	Cells_Correlation_Costes_Mito_ER
Cells	Cells_Correlation_Costes_Mito_RNA
Cells	Cells_Correlation_Costes_RNA_AGP
Cells	Cells_Correlation_Costes_RNA_DNA
Cells	Cells_Correlation_Costes_RNA_ER
Cells	Cells_Correlation_Costes_RNA_Mito
Cells	Cells_Correlation_K_AGP_DNA
Cells	Cells_Correlation_K_AGP_ER
Cells	Cells_Correlation_K_AGP_Mito
Cells	Cells_Correlation_K_AGP_RNA
Cells	Cells_Correlation_K_DNA_AGP
Cells	Cells_Correlation_K_DNA_ER
Cells	Cells_Correlation_K_DNA_Mito
Cells	Cells_Correlation_K_DNA_RNA
Cells	Cells_Correlation_K_ER_AGP
Cells	Cells_Correlation_K_ER_DNA
Cells	Cells_Correlation_K_ER_Mito
Cells	Cells_Correlation_K_ER_RNA
Cells	Cells_Correlation_K_Mito_AGP
Cells	Cells_Correlation_K_Mito_DNA
Cells	Cells_Correlation_K_Mito_ER
Cells	Cells_Correlation_K_Mito_RNA
Cells	Cells_Correlation_K_RNA_AGP
Cells	Cells_Correlation_K_RNA_DNA
Cells	Cells_Correlation_K_RNA_ER
Cells	Cells_Correlation_K_RNA_Mito
Cells	Cells_Correlation_Manders_AGP_DNA
Cells	Cells_Correlation_Manders_AGP_ER
Cells	Cells_Correlation_Manders_AGP_Mito
Cells	Cells_Correlation_Manders_AGP_RNA
Cells	Cells_Correlation_Manders_DNA_AGP
Cells	Cells_Correlation_Manders_DNA_ER
Cells	Cells_Correlation_Manders_DNA_Mito
Cells	Cells_Correlation_Manders_DNA_RNA
Cells	Cells_Correlation_Manders_ER_AGP
Cells	Cells_Correlation_Manders_ER_DNA
Cells	Cells_Correlation_Manders_ER_Mito
Cells	Cells_Correlation_Manders_ER_RNA
Cells	Cells_Correlation_Manders_Mito_AGP
Cells	Cells_Correlation_Manders_Mito_DNA
Cells	Cells_Correlation_Manders_Mito_ER
Cells	Cells_Correlation_Manders_Mito_RNA
Cells	Cells_Correlation_Manders_RNA_AGP
Cells	Cells_Correlation_Manders_RNA_DNA
Cells	Cells_Correlation_Manders_RNA_ER
Cells	Cells_Correlation_Manders_RNA_Mito
Cells	Cells_Correlation_Overlap_DNA_AGP
Cells	Cells_Correlation_Overlap_DNA_ER
Cells	Cells_Correlation_Overlap_DNA_Mito
Cells	Cells_Correlation_Overlap_DNA_RNA
Cells	Cells_Correlation_Overlap_ER_AGP
Cells	Cells_Correlation_Overlap_ER_RNA
Cells	Cells_Correlation_Overlap_Mito_AGP
Cells	Cells_Correlation_Overlap_Mito_ER
Cells	Cells_Correlation_Overlap_Mito_RNA
Cells	Cells_Correlation_Overlap_RNA_AGP
Cells	Cells_Correlation_RWC_AGP_DNA
Cells	Cells_Correlation_RWC_AGP_ER
Cells	Cells_Correlation_RWC_AGP_Mito
Cells	Cells_Correlation_RWC_AGP_RNA
Cells	Cells_Correlation_RWC_DNA_AGP
Cells	Cells_Correlation_RWC_DNA_ER
Cells	Cells_Correlation_RWC_DNA_Mito
Cells	Cells_Correlation_RWC_DNA_RNA
Cells	Cells_Correlation_RWC_ER_AGP
Cells	Cells_Correlation_RWC_ER_DNA
Cells	Cells_Correlation_RWC_ER_Mito
Cells	Cells_Correlation_RWC_ER_RNA
Cells	Cells_Correlation_RWC_Mito_AGP
Cells	Cells_Correlation_RWC_Mito_DNA
Cells	Cells_Correlation_RWC_Mito_ER
Cells	Cells_Correlation_RWC_Mito_RNA
Cells	Cells_Correlation_RWC_RNA_AGP
Cells	Cells_Correlation_RWC_RNA_DNA
Cells	Cells_Correlation_RWC_RNA_ER
Cells	Cells_Correlation_RWC_RNA_Mito
Cells	Cells_Granularity_10_AGP
Cells	Cells_Granularity_10_ER
Cells	Cells_Granularity_10_Mito
Cells	Cells_Granularity_10_RNA
Cells	Cells_Granularity_11_AGP
Cells	Cells_Granularity_11_ER
Cells	Cells_Granularity_11_Mito
Cells	Cells_Granularity_11_RNA
Cells	Cells_Granularity_12_AGP
Cells	Cells_Granularity_12_ER
Cells	Cells_Granularity_12_Mito
Cells	Cells_Granularity_12_RNA
Cells	Cells_Granularity_13_AGP
Cells	Cells_Granularity_13_ER
Cells	Cells_Granularity_13_Mito
Cells	Cells_Granularity_13_RNA
Cells	Cells_Granularity_14_AGP
Cells	Cells_Granularity_14_ER
Cells	Cells_Granularity_14_Mito
Cells	Cells_Granularity_14_RNA
Cells	Cells_Granularity_15_AGP
Cells	Cells_Granularity_15_ER
Cells	Cells_Granularity_15_Mito
Cells	Cells_Granularity_15_RNA
Cells	Cells_Granularity_16_AGP
Cells	Cells_Granularity_16_ER
Cells	Cells_Granularity_16_Mito
Cells	Cells_Granularity_16_RNA
Cells	Cells_Granularity_1_AGP
Cells	Cells_Granularity_1_ER
Cells	Cells_Granularity_1_Mito
Cells	Cells_Granularity_1_RNA
Cells	Cells_Granularity_2_AGP
Cells	Cells_Granularity_2_ER
Cells	Cells_Granularity_2_Mito
Cells	Cells_Granularity_2_RNA
Cells	Cells_Granularity_3_AGP
Cells	Cells_Granularity_3_ER
Cells	Cells_Granularity_3_Mito
Cells	Cells_Granularity_3_RNA
Cells	Cells_Granularity_4_AGP
Cells	Cells_Granularity_4_ER
Cells	Cells_Granularity_4_Mito
Cells	Cells_Granularity_4_RNA
Cells	Cells_Granularity_5_AGP
Cells	Cells_Granularity_5_ER
Cells	Cells_Granularity_5_Mito
Cells	Cells_Granularity_5_RNA
Cells	Cells_Granularity_6_AGP
Cells	Cells_Granularity_6_ER
Cells	Cells_Granularity_6_Mito
Cells	Cells_Granularity_6_RNA
Cells	Cells_Granularity_7_AGP
Cells	Cells_Granularity_7_ER
Cells	Cells_Granularity_7_Mito
Cells	Cells_Granularity_7_RNA
Cells	Cells_Granularity_8_AGP
Cells	Cells_Granularity_8_ER
Cells	Cells_Granularity_8_Mito
Cells	Cells_Granularity_8_RNA
Cells	Cells_Granularity_9_AGP
Cells	Cells_Granularity_9_ER
Cells	Cells_Granularity_9_Mito
Cells	Cells_Granularity_9_RNA
Cells	Cells_Intensity_IntegratedIntensityEdge_AGP
Cells	Cells_Intensity_IntegratedIntensityEdge_DNA
Cells	Cells_Intensity_IntegratedIntensityEdge_ER
Cells	Cells_Intensity_IntegratedIntensityEdge_Mito
Cells	Cells_Intensity_IntegratedIntensityEdge_RNA
Cells	Cells_Intensity_IntegratedIntensity_AGP
Cells	Cells_Intensity_IntegratedIntensity_DNA
Cells	Cells_Intensity_IntegratedIntensity_ER
Cells	Cells_Intensity_IntegratedIntensity_Mito
Cells	Cells_Intensity_IntegratedIntensity_RNA
Cells	Cells_Intensity_LowerQuartileIntensity_AGP
Cells	Cells_Intensity_LowerQuartileIntensity_DNA
Cells	Cells_Intensity_LowerQuartileIntensity_ER
Cells	Cells_Intensity_LowerQuartileIntensity_Mito
Cells	Cells_Intensity_LowerQuartileIntensity_RNA
Cells	Cells_Intensity_MADIntensity_AGP
Cells	Cells_Intensity_MADIntensity_DNA
Cells	Cells_Intensity_MADIntensity_ER
Cells	Cells_Intensity_MADIntensity_Mito
Cells	Cells_Intensity_MADIntensity_RNA
Cells	Cells_Intensity_MassDisplacement_AGP
Cells	Cells_Intensity_MassDisplacement_DNA
Cells	Cells_Intensity_MassDisplacement_ER
Cells	Cells_Intensity_MassDisplacement_Mito
Cells	Cells_Intensity_MassDisplacement_RNA
Cells	Cells_Intensity_MaxIntensityEdge_AGP
Cells	Cells_Intensity_MaxIntensityEdge_DNA
Cells	Cells_Intensity_MaxIntensityEdge_ER
Cells	Cells_Intensity_MaxIntensityEdge_Mito
Cells	Cells_Intensity_MaxIntensityEdge_RNA
Cells	Cells_Intensity_MaxIntensity_AGP
Cells	Cells_Intensity_MaxIntensity_DNA
Cells	Cells_Intensity_MaxIntensity_ER
Cells	Cells_Intensity_MaxIntensity_Mito
Cells	Cells_Intensity_MaxIntensity_RNA
Cells	Cells_Intensity_MeanIntensityEdge_AGP
Cells	Cells_Intensity_MeanIntensityEdge_DNA
Cells	Cells_Intensity_MeanIntensityEdge_ER
Cells	Cells_Intensity_MeanIntensityEdge_Mito
Cells	Cells_Intensity_MeanIntensityEdge_RNA
Cells	Cells_Intensity_MeanIntensity_AGP
Cells	Cells_Intensity_MeanIntensity_DNA
Cells	Cells_Intensity_MeanIntensity_ER
Cells	Cells_Intensity_MeanIntensity_Mito
Cells	Cells_Intensity_MeanIntensity_RNA
Cells	Cells_Intensity_MedianIntensity_AGP
Cells	Cells_Intensity_MedianIntensity_DNA
Cells	Cells_Intensity_MedianIntensity_ER
Cells	Cells_Intensity_MedianIntensity_Mito
Cells	Cells_Intensity_MedianIntensity_RNA
Cells	Cells_Intensity_MinIntensityEdge_AGP
Cells	Cells_Intensity_MinIntensityEdge_DNA
Cells	Cells_Intensity_MinIntensityEdge_ER
Cells	Cells_Intensity_MinIntensityEdge_Mito
Cells	Cells_Intensity_MinIntensityEdge_RNA
Cells	Cells_Intensity_MinIntensity_AGP
Cells	Cells_Intensity_MinIntensity_DNA
Cells	Cells_Intensity_MinIntensity_ER
Cells	Cells_Intensity_MinIntensity_Mito
Cells	Cells_Intensity_MinIntensity_RNA
Cells	Cells_Intensity_StdIntensityEdge_AGP
Cells	Cells_Intensity_StdIntensityEdge_DNA
Cells	Cells_Intensity_StdIntensityEdge_ER
Cells	Cells_Intensity_StdIntensityEdge_Mito
Cells	Cells_Intensity_StdIntensityEdge_RNA
Cells	Cells_Intensity_StdIntensity_AGP
Cells	Cells_Intensity_StdIntensity_DNA
Cells	Cells_Intensity_StdIntensity_ER
Cells	Cells_Intensity_StdIntensity_Mito
Cells	Cells_Intensity_StdIntensity_RNA
Cells	Cells_Intensity_UpperQuartileIntensity_AGP
Cells	Cells_Intensity_UpperQuartileIntensity_DNA
Cells	Cells_Intensity_UpperQuartileIntensity_ER
Cells	Cells_Intensity_UpperQuartileIntensity_Mito
Cells	Cells_Intensity_UpperQuartileIntensity_RNA
Cells	Cells_Location_CenterMassIntensity_X_AGP
Cells	Cells_Location_CenterMassIntensity_X_DNA
Cells	Cells_Location_CenterMassIntensity_X_ER
Cells	Cells_Location_CenterMassIntensity_X_Mito
Cells	Cells_Location_CenterMassIntensity_X_RNA
Cells	Cells_Location_CenterMassIntensity_Y_AGP
Cells	Cells_Location_CenterMassIntensity_Y_DNA
Cells	Cells_Location_CenterMassIntensity_Y_ER
Cells	Cells_Location_CenterMassIntensity_Y_Mito
Cells	Cells_Location_CenterMassIntensity_Y_RNA
Cells	Cells_Location_Center_X
Cells	Cells_Location_Center_Y
Cells	Cells_Location_MaxIntensity_X_AGP
Cells	Cells_Location_MaxIntensity_X_DNA
Cells	Cells_Location_MaxIntensity_X_ER
Cells	Cells_Location_MaxIntensity_X_Mito
Cells	Cells_Location_MaxIntensity_X_RNA
Cells	Cells_Location_MaxIntensity_Y_AGP
Cells	Cells_Location_MaxIntensity_Y_DNA
Cells	Cells_Location_MaxIntensity_Y_ER
Cells	Cells_Location_MaxIntensity_Y_Mito
Cells	Cells_Location_MaxIntensity_Y_RNA
Cells	Cells_Neighbors_AngleBetweenNeighbors_10
Cells	Cells_Neighbors_AngleBetweenNeighbors_Adjacent
Cells	Cells_Neighbors_FirstClosestDistance_10
Cells	Cells_Neighbors_FirstClosestDistance_Adjacent
Cells	Cells_Neighbors_FirstClosestObjectNumber_10
Cells	Cells_Neighbors_FirstClosestObjectNumber_Adjacent
Cells	Cells_Neighbors_NumberOfNeighbors_10
Cells	Cells_Neighbors_NumberOfNeighbors_Adjacent
Cells	Cells_Neighbors_PercentTouching_10
Cells	Cells_Neighbors_PercentTouching_Adjacent
Cells	Cells_Neighbors_SecondClosestDistance_10
Cells	Cells_Neighbors_SecondClosestDistance_Adjacent
Cells	Cells_Neighbors_SecondClosestObjectNumber_10
Cells	Cells_Neighbors_SecondClosestObjectNumber_Adjacent
Cells	Cells_Number_Object_Number
Cells	Cells_Parent_Nuclei
Cells	Cells_RadialDistribution_FracAtD_AGP_1of4
Cells	Cells_RadialDistribution_FracAtD_AGP_2of4
Cells	Cells_RadialDistribution_FracAtD_AGP_3of4
Cells	Cells_RadialDistribution_FracAtD_AGP_4of4
Cells	Cells_RadialDistribution_FracAtD_ER_1of4
Cells	Cells_RadialDistribution_FracAtD_ER_2of4
Cells	Cells_RadialDistribution_FracAtD_ER_3of4
Cells	Cells_RadialDistribution_FracAtD_ER_4of4
Cells	Cells_RadialDistribution_FracAtD_Mito_1of4
Cells	Cells_RadialDistribution_FracAtD_Mito_2of4
Cells	Cells_RadialDistribution_FracAtD_Mito_3of4
Cells	Cells_RadialDistribution_FracAtD_Mito_4of4
Cells	Cells_RadialDistribution_FracAtD_RNA_1of4
Cells	Cells_RadialDistribution_FracAtD_RNA_2of4
Cells	Cells_RadialDistribution_FracAtD_RNA_3of4
Cells	Cells_RadialDistribution_FracAtD_RNA_4of4
Cells	Cells_RadialDistribution_MeanFrac_AGP_1of4
Cells	Cells_RadialDistribution_MeanFrac_AGP_2of4
Cells	Cells_RadialDistribution_MeanFrac_AGP_3of4
Cells	Cells_RadialDistribution_MeanFrac_AGP_4of4
Cells	Cells_RadialDistribution_MeanFrac_ER_1of4
Cells	Cells_RadialDistribution_MeanFrac_ER_2of4
Cells	Cells_RadialDistribution_MeanFrac_ER_3of4
Cells	Cells_RadialDistribution_MeanFrac_ER_4of4
Cells	Cells_RadialDistribution_MeanFrac_Mito_1of4
Cells	Cells_RadialDistribution_MeanFrac_Mito_2of4
Cells	Cells_RadialDistribution_MeanFrac_Mito_3of4
Cells	Cells_RadialDistribution_MeanFrac_Mito_4of4
Cells	Cells_RadialDistribution_MeanFrac_RNA_1of4
Cells	Cells_RadialDistribution_MeanFrac_RNA_2of4
Cells	Cells_RadialDistribution_MeanFrac_RNA_3of4
Cells	Cells_RadialDistribution_MeanFrac_RNA_4of4
Cells	Cells_RadialDistribution_RadialCV_AGP_1of4
Cells	Cells_RadialDistribution_RadialCV_AGP_2of4
Cells	Cells_RadialDistribution_RadialCV_AGP_3of4
Cells	Cells_RadialDistribution_RadialCV_AGP_4of4
Cells	Cells_RadialDistribution_RadialCV_ER_1of4
Cells	Cells_RadialDistribution_RadialCV_ER_2of4
Cells	Cells_RadialDistribution_RadialCV_ER_3of4
Cells	Cells_RadialDistribution_RadialCV_ER_4of4
Cells	Cells_RadialDistribution_RadialCV_Mito_1of4
Cells	Cells_RadialDistribution_RadialCV_Mito_2of4
Cells	Cells_RadialDistribution_RadialCV_Mito_3of4
Cells	Cells_RadialDistribution_RadialCV_Mito_4of4
Cells	Cells_RadialDistribution_RadialCV_RNA_1of4
Cells	Cells_RadialDistribution_RadialCV_RNA_2of4
Cells	Cells_RadialDistribution_RadialCV_RNA_3of4
Cells	Cells_RadialDistribution_RadialCV_RNA_4of4
Cells	Cells_Texture_AngularSecondMoment_AGP_10_0
Cells	Cells_Texture_AngularSecondMoment_AGP_20_0
Cells	Cells_Texture_AngularSecondMoment_AGP_5_0
Cells	Cells_Texture_AngularSecondMoment_DNA_10_0
Cells	Cells_Texture_AngularSecondMoment_DNA_20_0
Cells	Cells_Texture_AngularSecondMoment_DNA_5_0
Cells	Cells_Texture_AngularSecondMoment_ER_10_0
Cells	Cells_Texture_AngularSecondMoment_ER_20_0
Cells	Cells_Texture_AngularSecondMoment_ER_5_0
Cells	Cells_Texture_AngularSecondMoment_Mito_10_0
Cells	Cells_Texture_AngularSecondMoment_Mito_20_0
Cells	Cells_Texture_AngularSecondMoment_Mito_5_0
Cells	Cells_Texture_AngularSecondMoment_RNA_10_0
Cells	Cells_Texture_AngularSecondMoment_RNA_20_0
Cells	Cells_Texture_AngularSecondMoment_RNA_5_0
Cells	Cells_Texture_Contrast_AGP_10_0
Cells	Cells_Texture_Contrast_AGP_20_0
Cells	Cells_Texture_Contrast_AGP_5_0
Cells	Cells_Texture_Contrast_DNA_10_0
Cells	Cells_Texture_Contrast_DNA_20_0
Cells	Cells_Texture_Contrast_DNA_5_0
Cells	Cells_Texture_Contrast_ER_10_0
Cells	Cells_Texture_Contrast_ER_20_0
Cells	Cells_Texture_Contrast_ER_5_0
Cells	Cells_Texture_Contrast_Mito_10_0
Cells	Cells_Texture_Contrast_Mito_20_0
Cells	Cells_Texture_Contrast_Mito_5_0
Cells	Cells_Texture_Contrast_RNA_10_0
Cells	Cells_Texture_Contrast_RNA_20_0
Cells	Cells_Texture_Contrast_RNA_5_0
Cells	Cells_Texture_Correlation_AGP_10_0
Cells	Cells_Texture_Correlation_AGP_20_0
Cells	Cells_Texture_Correlation_AGP_5_0
Cells	Cells_Texture_Correlation_DNA_10_0
Cells	Cells_Texture_Correlation_DNA_20_0
Cells	Cells_Texture_Correlation_DNA_5_0
Cells	Cells_Texture_Correlation_ER_10_0
Cells	Cells_Texture_Correlation_ER_20_0
Cells	Cells_Texture_Correlation_ER_5_0
Cells	Cells_Texture_Correlation_Mito_10_0
Cells	Cells_Texture_Correlation_Mito_20_0
Cells	Cells_Texture_Correlation_Mito_5_0
Cells	Cells_Texture_Correlation_RNA_10_0
Cells	Cells_Texture_Correlation_RNA_20_0
Cells	Cells_Texture_Correlation_RNA_5_0
Cells	Cells_Texture_DifferenceEntropy_AGP_10_0
Cells	Cells_Texture_DifferenceEntropy_AGP_20_0
Cells	Cells_Texture_DifferenceEntropy_AGP_5_0
Cells	Cells_Texture_DifferenceEntropy_DNA_10_0
Cells	Cells_Texture_DifferenceEntropy_DNA_20_0
Cells	Cells_Texture_DifferenceEntropy_DNA_5_0
Cells	Cells_Texture_DifferenceEntropy_ER_10_0
Cells	Cells_Texture_DifferenceEntropy_ER_20_0
Cells	Cells_Texture_DifferenceEntropy_ER_5_0
Cells	Cells_Texture_DifferenceEntropy_Mito_10_0
Cells	Cells_Texture_DifferenceEntropy_Mito_20_0
Cells	Cells_Texture_DifferenceEntropy_Mito_5_0
Cells	Cells_Texture_DifferenceEntropy_RNA_10_0
Cells	Cells_Texture_DifferenceEntropy_RNA_20_0
Cells	Cells_Texture_DifferenceEntropy_RNA_5_0
Cells	Cells_Texture_DifferenceVariance_AGP_10_0
Cells	Cells_Texture_DifferenceVariance_AGP_20_0
Cells	Cells_Texture_DifferenceVariance_AGP_5_0
Cells	Cells_Texture_DifferenceVariance_DNA_10_0
Cells	Cells_Texture_DifferenceVariance_DNA_20_0
Cells	Cells_Texture_DifferenceVariance_DNA_5_0
Cells	Cells_Texture_DifferenceVariance_ER_10_0
Cells	Cells_Texture_DifferenceVariance_ER_20_0
Cells	Cells_Texture_DifferenceVariance_ER_5_0
Cells	Cells_Texture_DifferenceVariance_Mito_10_0
Cells	Cells_Texture_DifferenceVariance_Mito_20_0
Cells	Cells_Texture_DifferenceVariance_Mito_5_0
Cells	Cells_Texture_DifferenceVariance_RNA_10_0
Cells	Cells_Texture_DifferenceVariance_RNA_20_0
Cells	Cells_Texture_DifferenceVariance_RNA_5_0
Cells	Cells_Texture_Entropy_AGP_10_0
Cells	Cells_Texture_Entropy_AGP_20_0
Cells	Cells_Texture_Entropy_AGP_5_0
Cells	Cells_Texture_Entropy_DNA_10_0
Cells	Cells_Texture_Entropy_DNA_20_0
Cells	Cells_Texture_Entropy_DNA_5_0
Cells	Cells_Texture_Entropy_ER_10_0
Cells	Cells_Texture_Entropy_ER_20_0
Cells	Cells_Texture_Entropy_ER_5_0
Cells	Cells_Texture_Entropy_Mito_10_0
Cells	Cells_Texture_Entropy_Mito_20_0
Cells	Cells_Texture_Entropy_Mito_5_0
Cells	Cells_Texture_Entropy_RNA_10_0
Cells	Cells_Texture_Entropy_RNA_20_0
Cells	Cells_Texture_Entropy_RNA_5_0
Cells	Cells_Texture_Gabor_AGP_10
Cells	Cells_Texture_Gabor_AGP_20
Cells	Cells_Texture_Gabor_AGP_5
Cells	Cells_Texture_Gabor_DNA_10
Cells	Cells_Texture_Gabor_DNA_20
Cells	Cells_Texture_Gabor_DNA_5
Cells	Cells_Texture_Gabor_ER_10
Cells	Cells_Texture_Gabor_ER_20
Cells	Cells_Texture_Gabor_ER_5
Cells	Cells_Texture_Gabor_Mito_10
Cells	Cells_Texture_Gabor_Mito_20
Cells	Cells_Texture_Gabor_Mito_5
Cells	Cells_Texture_Gabor_RNA_10
Cells	Cells_Texture_Gabor_RNA_20
Cells	Cells_Texture_Gabor_RNA_5
Cells	Cells_Texture_InfoMeas1_AGP_10_0
Cells	Cells_Texture_InfoMeas1_AGP_20_0
Cells	Cells_Texture_InfoMeas1_AGP_5_0
Cells	Cells_Texture_InfoMeas1_DNA_10_0
Cells	Cells_Texture_InfoMeas1_DNA_20_0
Cells	Cells_Texture_InfoMeas1_DNA_5_0
Cells	Cells_Texture_InfoMeas1_ER_10_0
Cells	Cells_Texture_InfoMeas1_ER_20_0
Cells	Cells_Texture_InfoMeas1_ER_5_0
Cells	Cells_Texture_InfoMeas1_Mito_10_0
Cells	Cells_Texture_InfoMeas1_Mito_20_0
Cells	Cells_Texture_InfoMeas1_Mito_5_0
Cells	Cells_Texture_InfoMeas1_RNA_10_0
Cells	Cells_Texture_InfoMeas1_RNA_20_0
Cells	Cells_Texture_InfoMeas1_RNA_5_0
Cells	Cells_Texture_InfoMeas2_AGP_10_0
Cells	Cells_Texture_InfoMeas2_AGP_20_0
Cells	Cells_Texture_InfoMeas2_AGP_5_0
Cells	Cells_Texture_InfoMeas2_DNA_10_0
Cells	Cells_Texture_InfoMeas2_DNA_20_0
Cells	Cells_Texture_InfoMeas2_DNA_5_0
Cells	Cells_Texture_InfoMeas2_ER_10_0
Cells	Cells_Texture_InfoMeas2_ER_20_0
Cells	Cells_Texture_InfoMeas2_ER_5_0
Cells	Cells_Texture_InfoMeas2_Mito_10_0
Cells	Cells_Texture_InfoMeas2_Mito_20_0
Cells	Cells_Texture_InfoMeas2_Mito_5_0
Cells	Cells_Texture_InfoMeas2_RNA_10_0
Cells	Cells_Texture_InfoMeas2_RNA_20_0
Cells	Cells_Texture_InfoMeas2_RNA_5_0
Cells	Cells_Texture_InverseDifferenceMoment_AGP_10_0
Cells	Cells_Texture_InverseDifferenceMoment_AGP_20_0
Cells	Cells_Texture_InverseDifferenceMoment_AGP_5_0
Cells	Cells_Texture_InverseDifferenceMoment_DNA_10_0
Cells	Cells_Texture_InverseDifferenceMoment_DNA_20_0
Cells	Cells_Texture_InverseDifferenceMoment_DNA_5_0
Cells	Cells_Texture_InverseDifferenceMoment_ER_10_0
Cells	Cells_Texture_InverseDifferenceMoment_ER_20_0
Cells	Cells_Texture_InverseDifferenceMoment_ER_5_0
Cells	Cells_Texture_InverseDifferenceMoment_Mito_10_0
Cells	Cells_Texture_InverseDifferenceMoment_Mito_20_0
Cells	Cells_Texture_InverseDifferenceMoment_Mito_5_0
Cells	Cells_Texture_InverseDifferenceMoment_RNA_10_0
Cells	Cells_Texture_InverseDifferenceMoment_RNA_20_0
Cells	Cells_Texture_InverseDifferenceMoment_RNA_5_0
Cells	Cells_Texture_SumAverage_AGP_10_0
Cells	Cells_Texture_SumAverage_AGP_20_0
Cells	Cells_Texture_SumAverage_AGP_5_0
Cells	Cells_Texture_SumAverage_DNA_10_0
Cells	Cells_Texture_SumAverage_DNA_20_0
Cells	Cells_Texture_SumAverage_DNA_5_0
Cells	Cells_Texture_SumAverage_ER_10_0
Cells	Cells_Texture_SumAverage_ER_20_0
Cells	Cells_Texture_SumAverage_ER_5_0
Cells	Cells_Texture_SumAverage_Mito_10_0
Cells	Cells_Texture_SumAverage_Mito_20_0
Cells	Cells_Texture_SumAverage_Mito_5_0
Cells	Cells_Texture_SumAverage_RNA_10_0
Cells	Cells_Texture_SumAverage_RNA_20_0
Cells	Cells_Texture_SumAverage_RNA_5_0
Cells	Cells_Texture_SumEntropy_AGP_10_0
Cells	Cells_Texture_SumEntropy_AGP_20_0
Cells	Cells_Texture_SumEntropy_AGP_5_0
Cells	Cells_Texture_SumEntropy_DNA_10_0
Cells	Cells_Texture_SumEntropy_DNA_20_0
Cells	Cells_Texture_SumEntropy_DNA_5_0
Cells	Cells_Texture_SumEntropy_ER_10_0
Cells	Cells_Texture_SumEntropy_ER_20_0
Cells	Cells_Texture_SumEntropy_ER_5_0
Cells	Cells_Texture_SumEntropy_Mito_10_0
Cells	Cells_Texture_SumEntropy_Mito_20_0
Cells	Cells_Texture_SumEntropy_Mito_5_0
Cells	Cells_Texture_SumEntropy_RNA_10_0
Cells	Cells_Texture_SumEntropy_RNA_20_0
Cells	Cells_Texture_SumEntropy_RNA_5_0
Cells	Cells_Texture_SumVariance_AGP_10_0
Cells	Cells_Texture_SumVariance_AGP_20_0
Cells	Cells_Texture_SumVariance_AGP_5_0
Cells	Cells_Texture_SumVariance_DNA_10_0
Cells	Cells_Texture_SumVariance_DNA_20_0
Cells	Cells_Texture_SumVariance_DNA_5_0
Cells	Cells_Texture_SumVariance_ER_10_0
Cells	Cells_Texture_SumVariance_ER_20_0
Cells	Cells_Texture_SumVariance_ER_5_0
Cells	Cells_Texture_SumVariance_Mito_10_0
Cells	Cells_Texture_SumVariance_Mito_20_0
Cells	Cells_Texture_SumVariance_Mito_5_0
Cells	Cells_Texture_SumVariance_RNA_10_0
Cells	Cells_Texture_SumVariance_RNA_20_0
Cells	Cells_Texture_SumVariance_RNA_5_0
Cells	Cells_Texture_Variance_AGP_10_0
Cells	Cells_Texture_Variance_AGP_20_0
Cells	Cells_Texture_Variance_AGP_5_0
Cells	Cells_Texture_Variance_DNA_10_0
Cells	Cells_Texture_Variance_DNA_20_0
Cells	Cells_Texture_Variance_DNA_5_0
Cells	Cells_Texture_Variance_ER_10_0
Cells	Cells_Texture_Variance_ER_20_0
Cells	Cells_Texture_Variance_ER_5_0
Cells	Cells_Texture_Variance_Mito_10_0
Cells	Cells_Texture_Variance_Mito_20_0
Cells	Cells_Texture_Variance_Mito_5_0
Cells	Cells_Texture_Variance_RNA_10_0
Cells	Cells_Texture_Variance_RNA_20_0
Cells	Cells_Texture_Variance_RNA_5_0
Nuclei	Nuclei_AreaShape_Area
Nuclei	Nuclei_AreaShape_Center_X
Nuclei	Nuclei_AreaShape_Center_Y
Nuclei	Nuclei_AreaShape_Compactness
Nuclei	Nuclei_AreaShape_Eccentricity
Nuclei	Nuclei_AreaShape_EulerNumber
Nuclei	Nuclei_AreaShape_Extent
Nuclei	Nuclei_AreaShape_FormFactor
Nuclei	Nuclei_AreaShape_MajorAxisLength
Nuclei	Nuclei_AreaShape_MaxFeretDiameter
Nuclei	Nuclei_AreaShape_MaximumRadius
Nuclei	Nuclei_AreaShape_MeanRadius
Nuclei	Nuclei_AreaShape_MedianRadius
Nuclei	Nuclei_AreaShape_MinFeretDiameter
Nuclei	Nuclei_AreaShape_MinorAxisLength
Nuclei	Nuclei_AreaShape_Orientation
Nuclei	Nuclei_AreaShape_Perimeter
Nuclei	Nuclei_AreaShape_Solidity
Nuclei	Nuclei_AreaShape_Zernike_0_0
Nuclei	Nuclei_AreaShape_Zernike_1_1
Nuclei	Nuclei_AreaShape_Zernike_2_0
Nuclei	Nuclei_AreaShape_Zernike_2_2
Nuclei	Nuclei_AreaShape_Zernike_3_1
Nuclei	Nuclei_AreaShape_Zernike_3_3
Nuclei	Nuclei_AreaShape_Zernike_4_0
Nuclei	Nuclei_AreaShape_Zernike_4_2
Nuclei	Nuclei_AreaShape_Zernike_4_4
Nuclei	Nuclei_AreaShape_Zernike_5_1
Nuclei	Nuclei_AreaShape_Zernike_5_3
Nuclei	Nuclei_AreaShape_Zernike_5_5
Nuclei	Nuclei_AreaShape_Zernike_6_0
Nuclei	Nuclei_AreaShape_Zernike_6_2
Nuclei	Nuclei_AreaShape_Zernike_6_4
Nuclei	Nuclei_AreaShape_Zernike_6_6
Nuclei	Nuclei_AreaShape_Zernike_7_1
Nuclei	Nuclei_AreaShape_Zernike_7_3
Nuclei	Nuclei_AreaShape_Zernike_7_5
Nuclei	Nuclei_AreaShape_Zernike_7_7
Nuclei	Nuclei_AreaShape_Zernike_8_0
Nuclei	Nuclei_AreaShape_Zernike_8_2
Nuclei	Nuclei_AreaShape_Zernike_8_4
Nuclei	Nuclei_AreaShape_Zernike_8_6
Nuclei	Nuclei_AreaShape_Zernike_8_8
Nuclei	Nuclei_AreaShape_Zernike_9_1
Nuclei	Nuclei_AreaShape_Zernike_9_3
Nuclei	Nuclei_AreaShape_Zernike_9_5
Nuclei	Nuclei_AreaShape_Zernike_9_7
Nuclei	Nuclei_AreaShape_Zernike_9_9
Nuclei	Nuclei_Children_Cells_Count
Nuclei	Nuclei_Children_Cytoplasm_Count
Nuclei	Nuclei_Correlation_Correlation_DNA_AGP
Nuclei	Nuclei_Correlation_Correlation_DNA_ER
Nuclei	Nuclei_Correlation_Correlation_DNA_Mito
Nuclei	Nuclei_Correlation_Correlation_DNA_RNA
Nuclei	Nuclei_Correlation_Correlation_ER_AGP
Nuclei	Nuclei_Correlation_Correlation_ER_RNA
Nuclei	Nuclei_Correlation_Correlation_Mito_AGP
Nuclei	Nuclei_Correlation_Correlation_Mito_ER
Nuclei	Nuclei_Correlation_Correlation_Mito_RNA
Nuclei	Nuclei_Correlation_Correlation_RNA_AGP
Nuclei	Nuclei_Correlation_Costes_AGP_DNA
Nuclei	Nuclei_Correlation_Costes_AGP_ER
Nuclei	Nuclei_Correlation_Costes_AGP_Mito
Nuclei	Nuclei_Correlation_Costes_AGP_RNA
Nuclei	Nuclei_Correlation_Costes_DNA_AGP
Nuclei	Nuclei_Correlation_Costes_DNA_ER
Nuclei	Nuclei_Correlation_Costes_DNA_Mito
Nuclei	Nuclei_Correlation_Costes_DNA_RNA
Nuclei	Nuclei_Correlation_Costes_ER_AGP
Nuclei	Nuclei_Correlation_Costes_ER_DNA
Nuclei	Nuclei_Correlation_Costes_ER_Mito
Nuclei	Nuclei_Correlation_Costes_ER_RNA
Nuclei	Nuclei_Correlation_Costes_Mito_AGP
Nuclei	Nuclei_Correlation_Costes_Mito_DNA
Nuclei	Nuclei_Correlation_Costes_Mito_ER
Nuclei	Nuclei_Correlation_Costes_Mito_RNA
Nuclei	Nuclei_Correlation_Costes_RNA_AGP
Nuclei	Nuclei_Correlation_Costes_RNA_DNA
Nuclei	Nuclei_Correlation_Costes_RNA_ER
Nuclei	Nuclei_Correlation_Costes_RNA_Mito
Nuclei	Nuclei_Correlation_K_AGP_DNA
Nuclei	Nuclei_Correlation_K_AGP_ER
Nuclei	Nuclei_Correlation_K_AGP_Mito
Nuclei	Nuclei_Correlation_K_AGP_RNA
Nuclei	Nuclei_Correlation_K_DNA_AGP
Nuclei	Nuclei_Correlation_K_DNA_ER
Nuclei	Nuclei_Correlation_K_DNA_Mito
Nuclei	Nuclei_Correlation_K_DNA_RNA
Nuclei	Nuclei_Correlation_K_ER_AGP
Nuclei	Nuclei_Correlation_K_ER_DNA
Nuclei	Nuclei_Correlation_K_ER_Mito
Nuclei	Nuclei_Correlation_K_ER_RNA
Nuclei	Nuclei_Correlation_K_Mito_AGP
Nuclei	Nuclei_Correlation_K_Mito_DNA
Nuclei	Nuclei_Correlation_K_Mito_ER
Nuclei	Nuclei_Correlation_K_Mito_RNA
Nuclei	Nuclei_Correlation_K_RNA_AGP
Nuclei	Nuclei_Correlation_K_RNA_DNA
Nuclei	Nuclei_Correlation_K_RNA_ER
Nuclei	Nuclei_Correlation_K_RNA_Mito
Nuclei	Nuclei_Correlation_Manders_AGP_DNA
Nuclei	Nuclei_Correlation_Manders_AGP_ER
Nuclei	Nuclei_Correlation_Manders_AGP_Mito
Nuclei	Nuclei_Correlation_Manders_AGP_RNA
Nuclei	Nuclei_Correlation_Manders_DNA_AGP
Nuclei	Nuclei_Correlation_Manders_DNA_ER
Nuclei	Nuclei_Correlation_Manders_DNA_Mito
Nuclei	Nuclei_Correlation_Manders_DNA_RNA
Nuclei	Nuclei_Correlation_Manders_ER_AGP
Nuclei	Nuclei_Correlation_Manders_ER_DNA
Nuclei	Nuclei_Correlation_Manders_ER_Mito
Nuclei	Nuclei_Correlation_Manders_ER_RNA
Nuclei	Nuclei_Correlation_Manders_Mito_AGP
Nuclei	Nuclei_Correlation_Manders_Mito_DNA
Nuclei	Nuclei_Correlation_Manders_Mito_ER
Nuclei	Nuclei_Correlation_Manders_Mito_RNA
Nuclei	Nuclei_Correlation_Manders_RNA_AGP
Nuclei	Nuclei_Correlation_Manders_RNA_DNA
Nuclei	Nuclei_Correlation_Manders_RNA_ER
Nuclei	Nuclei_Correlation_Manders_RNA_Mito
Nuclei	Nuclei_Correlation_Overlap_DNA_AGP
Nuclei	Nuclei_Correlation_Overlap_DNA_ER
Nuclei	Nuclei_Correlation_Overlap_DNA_Mito
Nuclei	Nuclei_Correlation_Overlap_DNA_RNA
Nuclei	Nuclei_Correlation_Overlap_ER_AGP
Nuclei	Nuclei_Correlation_Overlap_ER_RNA
Nuclei	Nuclei_Correlation_Overlap_Mito_AGP
Nuclei	Nuclei_Correlation_Overlap_Mito_ER
Nuclei	Nuclei_Correlation_Overlap_Mito_RNA
Nuclei	Nuclei_Correlation_Overlap_RNA_AGP
Nuclei	Nuclei_Correlation_RWC_AGP_DNA
Nuclei	Nuclei_Correlation_RWC_AGP_ER
Nuclei	Nuclei_Correlation_RWC_AGP_Mito
Nuclei	Nuclei_Correlation_RWC_AGP_RNA
Nuclei	Nuclei_Correlation_RWC_DNA_AGP
Nuclei	Nuclei_Correlation_RWC_DNA_ER
Nuclei	Nuclei_Correlation_RWC_DNA_Mito
Nuclei	Nuclei_Correlation_RWC_DNA_RNA
Nuclei	Nuclei_Correlation_RWC_ER_AGP
Nuclei	Nuclei_Correlation_RWC_ER_DNA
Nuclei	Nuclei_Correlation_RWC_ER_Mito
Nuclei	Nuclei_Correlation_RWC_ER_RNA
Nuclei	Nuclei_Correlation_RWC_Mito_AGP
Nuclei	Nuclei_Correlation_RWC_Mito_DNA
Nuclei	Nuclei_Correlation_RWC_Mito_ER
Nuclei	Nuclei_Correlation_RWC_Mito_RNA
Nuclei	Nuclei_Correlation_RWC_RNA_AGP
Nuclei	Nuclei_Correlation_RWC_RNA_DNA
Nuclei	Nuclei_Correlation_RWC_RNA_ER
Nuclei	Nuclei_Correlation_RWC_RNA_Mito
Nuclei	Nuclei_Granularity_10_AGP
Nuclei	Nuclei_Granularity_10_DNA
Nuclei	Nuclei_Granularity_10_ER
Nuclei	Nuclei_Granularity_10_Mito
Nuclei	Nuclei_Granularity_10_RNA
Nuclei	Nuclei_Granularity_11_AGP
Nuclei	Nuclei_Granularity_11_DNA
Nuclei	Nuclei_Granularity_11_ER
Nuclei	Nuclei_Granularity_11_Mito
Nuclei	Nuclei_Granularity_11_RNA
Nuclei	Nuclei_Granularity_12_AGP
Nuclei	Nuclei_Granularity_12_DNA
Nuclei	Nuclei_Granularity_12_ER
Nuclei	Nuclei_Granularity_12_Mito
Nuclei	Nuclei_Granularity_12_RNA
Nuclei	Nuclei_Granularity_13_AGP
Nuclei	Nuclei_Granularity_13_DNA
Nuclei	Nuclei_Granularity_13_ER
Nuclei	Nuclei_Granularity_13_Mito
Nuclei	Nuclei_Granularity_13_RNA
Nuclei	Nuclei_Granularity_14_AGP
Nuclei	Nuclei_Granularity_14_DNA
Nuclei	Nuclei_Granularity_14_ER
Nuclei	Nuclei_Granularity_14_Mito
Nuclei	Nuclei_Granularity_14_RNA
Nuclei	Nuclei_Granularity_15_AGP
Nuclei	Nuclei_Granularity_15_DNA
Nuclei	Nuclei_Granularity_15_ER
Nuclei	Nuclei_Granularity_15_Mito
Nuclei	Nuclei_Granularity_15_RNA
Nuclei	Nuclei_Granularity_16_AGP
Nuclei	Nuclei_Granularity_16_DNA
Nuclei	Nuclei_Granularity_16_ER
Nuclei	Nuclei_Granularity_16_Mito
Nuclei	Nuclei_Granularity_16_RNA
Nuclei	Nuclei_Granularity_1_AGP
Nuclei	Nuclei_Granularity_1_DNA
Nuclei	Nuclei_Granularity_1_ER
Nuclei	Nuclei_Granularity_1_Mito
Nuclei	Nuclei_Granularity_1_RNA
Nuclei	Nuclei_Granularity_2_AGP
Nuclei	Nuclei_Granularity_2_DNA
Nuclei	Nuclei_Granularity_2_ER
Nuclei	Nuclei_Granularity_2_Mito
Nuclei	Nuclei_Granularity_2_RNA
Nuclei	Nuclei_Granularity_3_AGP
Nuclei	Nuclei_Granularity_3_DNA
Nuclei	Nuclei_Granularity_3_ER
Nuclei	Nuclei_Granularity_3_Mito
Nuclei	Nuclei_Granularity_3_RNA
Nuclei	Nuclei_Granularity_4_AGP
Nuclei	Nuclei_Granularity_4_DNA
Nuclei	Nuclei_Granularity_4_ER
Nuclei	Nuclei_Granularity_4_Mito
Nuclei	Nuclei_Granularity_4_RNA
Nuclei	Nuclei_Granularity_5_AGP
Nuclei	Nuclei_Granularity_5_DNA
Nuclei	Nuclei_Granularity_5_ER
Nuclei	Nuclei_Granularity_5_Mito
Nuclei	Nuclei_Granularity_5_RNA
Nuclei	Nuclei_Granularity_6_AGP
Nuclei	Nuclei_Granularity_6_DNA
Nuclei	Nuclei_Granularity_6_ER
Nuclei	Nuclei_Granularity_6_Mito
Nuclei	Nuclei_Granularity_6_RNA
Nuclei	Nuclei_Granularity_7_AGP
Nuclei	Nuclei_Granularity_7_DNA
Nuclei	Nuclei_Granularity_7_ER
Nuclei	Nuclei_Granularity_7_Mito
Nuclei	Nuclei_Granularity_7_RNA
Nuclei	Nuclei_Granularity_8_AGP
Nuclei	Nuclei_Granularity_8_DNA
Nuclei	Nuclei_Granularity_8_ER
Nuclei	Nuclei_Granularity_8_Mito
Nuclei	Nuclei_Granularity_8_RNA
Nuclei	Nuclei_Granularity_9_AGP
Nuclei	Nuclei_Granularity_9_DNA
Nuclei	Nuclei_Granularity_9_ER
Nuclei	Nuclei_Granularity_9_Mito
Nuclei	Nuclei_Granularity_9_RNA
Nuclei	Nuclei_Intensity_IntegratedIntensityEdge_AGP
Nuclei	Nuclei_Intensity_IntegratedIntensityEdge_DNA
Nuclei	Nuclei_Intensity_IntegratedIntensityEdge_ER
Nuclei	Nuclei_Intensity_IntegratedIntensityEdge_Mito
Nuclei	Nuclei_Intensity_IntegratedIntensityEdge_RNA
Nuclei	Nuclei_Intensity_IntegratedIntensity_AGP
Nuclei	Nuclei_Intensity_IntegratedIntensity_DNA
Nuclei	Nuclei_Intensity_IntegratedIntensity_ER
Nuclei	Nuclei_Intensity_IntegratedIntensity_Mito
Nuclei	Nuclei_Intensity_IntegratedIntensity_RNA
Nuclei	Nuclei_Intensity_LowerQuartileIntensity_AGP
Nuclei	Nuclei_Intensity_LowerQuartileIntensity_DNA
Nuclei	Nuclei_Intensity_LowerQuartileIntensity_ER
Nuclei	Nuclei_Intensity_LowerQuartileIntensity_Mito
Nuclei	Nuclei_Intensity_LowerQuartileIntensity_RNA
Nuclei	Nuclei_Intensity_MADIntensity_AGP
Nuclei	Nuclei_Intensity_MADIntensity_DNA
Nuclei	Nuclei_Intensity_MADIntensity_ER
Nuclei	Nuclei_Intensity_MADIntensity_Mito
Nuclei	Nuclei_Intensity_MADIntensity_RNA
Nuclei	Nuclei_Intensity_MassDisplacement_AGP
Nuclei	Nuclei_Intensity_MassDisplacement_DNA
Nuclei	Nuclei_Intensity_MassDisplacement_ER
Nuclei	Nuclei_Intensity_MassDisplacement_Mito
Nuclei	Nuclei_Intensity_MassDisplacement_RNA
Nuclei	Nuclei_Intensity_MaxIntensityEdge_AGP
Nuclei	Nuclei_Intensity_MaxIntensityEdge_DNA
Nuclei	Nuclei_Intensity_MaxIntensityEdge_ER
Nuclei	Nuclei_Intensity_MaxIntensityEdge_Mito
Nuclei	Nuclei_Intensity_MaxIntensityEdge_RNA
Nuclei	Nuclei_Intensity_MaxIntensity_AGP
Nuclei	Nuclei_Intensity_MaxIntensity_DNA
Nuclei	Nuclei_Intensity_MaxIntensity_ER
Nuclei	Nuclei_Intensity_MaxIntensity_Mito
Nuclei	Nuclei_Intensity_MaxIntensity_RNA
Nuclei	Nuclei_Intensity_MeanIntensityEdge_AGP
Nuclei	Nuclei_Intensity_MeanIntensityEdge_DNA
Nuclei	Nuclei_Intensity_MeanIntensityEdge_ER
Nuclei	Nuclei_Intensity_MeanIntensityEdge_Mito
Nuclei	Nuclei_Intensity_MeanIntensityEdge_RNA
Nuclei	Nuclei_Intensity_MeanIntensity_AGP
Nuclei	Nuclei_Intensity_MeanIntensity_DNA
Nuclei	Nuclei_Intensity_MeanIntensity_ER
Nuclei	Nuclei_Intensity_MeanIntensity_Mito
Nuclei	Nuclei_Intensity_MeanIntensity_RNA
Nuclei	Nuclei_Intensity_MedianIntensity_AGP
Nuclei	Nuclei_Intensity_MedianIntensity_DNA
Nuclei	Nuclei_Intensity_MedianIntensity_ER
Nuclei	Nuclei_Intensity_MedianIntensity_Mito
Nuclei	Nuclei_Intensity_MedianIntensity_RNA
Nuclei	Nuclei_Intensity_MinIntensityEdge_AGP
Nuclei	Nuclei_Intensity_MinIntensityEdge_DNA
Nuclei	Nuclei_Intensity_MinIntensityEdge_ER
Nuclei	Nuclei_Intensity_MinIntensityEdge_Mito
Nuclei	Nuclei_Intensity_MinIntensityEdge_RNA
Nuclei	Nuclei_Intensity_MinIntensity_AGP
Nuclei	Nuclei_Intensity_MinIntensity_DNA
Nuclei	Nuclei_Intensity_MinIntensity_ER
Nuclei	Nuclei_Intensity_MinIntensity_Mito
Nuclei	Nuclei_Intensity_MinIntensity_RNA
Nuclei	Nuclei_Intensity_StdIntensityEdge_AGP
Nuclei	Nuclei_Intensity_StdIntensityEdge_DNA
Nuclei	Nuclei_Intensity_StdIntensityEdge_ER
Nuclei	Nuclei_Intensity_StdIntensityEdge_Mito
Nuclei	Nuclei_Intensity_StdIntensityEdge_RNA
Nuclei	Nuclei_Intensity_StdIntensity_AGP
Nuclei	Nuclei_Intensity_StdIntensity_DNA
Nuclei	Nuclei_Intensity_StdIntensity_ER
Nuclei	Nuclei_Intensity_StdIntensity_Mito
Nuclei	Nuclei_Intensity_StdIntensity_RNA
Nuclei	Nuclei_Intensity_UpperQuartileIntensity_AGP
Nuclei	Nuclei_Intensity_UpperQuartileIntensity_DNA
Nuclei	Nuclei_Intensity_UpperQuartileIntensity_ER
Nuclei	Nuclei_Intensity_UpperQuartileIntensity_Mito
Nuclei	Nuclei_Intensity_UpperQuartileIntensity_RNA
Nuclei	Nuclei_Location_CenterMassIntensity_X_AGP
Nuclei	Nuclei_Location_CenterMassIntensity_X_DNA
Nuclei	Nuclei_Location_CenterMassIntensity_X_ER
Nuclei	Nuclei_Location_CenterMassIntensity_X_Mito
Nuclei	Nuclei_Location_CenterMassIntensity_X_RNA
Nuclei	Nuclei_Location_CenterMassIntensity_Y_AGP
Nuclei	Nuclei_Location_CenterMassIntensity_Y_DNA
Nuclei	Nuclei_Location_CenterMassIntensity_Y_ER
Nuclei	Nuclei_Location_CenterMassIntensity_Y_Mito
Nuclei	Nuclei_Location_CenterMassIntensity_Y_RNA
Nuclei	Nuclei_Location_Center_X
Nuclei	Nuclei_Location_Center_Y
Nuclei	Nuclei_Location_MaxIntensity_X_AGP
Nuclei	Nuclei_Location_MaxIntensity_X_DNA
Nuclei	Nuclei_Location_MaxIntensity_X_ER
Nuclei	Nuclei_Location_MaxIntensity_X_Mito
Nuclei	Nuclei_Location_MaxIntensity_X_RNA
Nuclei	Nuclei_Location_MaxIntensity_Y_AGP
Nuclei	Nuclei_Location_MaxIntensity_Y_DNA
Nuclei	Nuclei_Location_MaxIntensity_Y_ER
Nuclei	Nuclei_Location_MaxIntensity_Y_Mito
Nuclei	Nuclei_Location_MaxIntensity_Y_RNA
Nuclei	Nuclei_Neighbors_AngleBetweenNeighbors_2
Nuclei	Nuclei_Neighbors_FirstClosestDistance_2
Nuclei	Nuclei_Neighbors_FirstClosestObjectNumber_2
Nuclei	Nuclei_Neighbors_NumberOfNeighbors_2
Nuclei	Nuclei_Neighbors_PercentTouching_2
Nuclei	Nuclei_Neighbors_SecondClosestDistance_2
Nuclei	Nuclei_Neighbors_SecondClosestObjectNumber_2
Nuclei	Nuclei_Number_Object_Number
Nuclei	Nuclei_RadialDistribution_FracAtD_AGP_1of4
Nuclei	Nuclei_RadialDistribution_FracAtD_AGP_2of4
Nuclei	Nuclei_RadialDistribution_FracAtD_AGP_3of4
Nuclei	Nuclei_RadialDistribution_FracAtD_AGP_4of4
Nuclei	Nuclei_RadialDistribution_FracAtD_ER_1of4
Nuclei	Nuclei_RadialDistribution_FracAtD_ER_2of4
Nuclei	Nuclei_RadialDistribution_FracAtD_ER_3of4
Nuclei	Nuclei_RadialDistribution_FracAtD_ER_4of4
Nuclei	Nuclei_RadialDistribution_FracAtD_Mito_1of4
Nuclei	Nuclei_RadialDistribution_FracAtD_Mito_2of4
Nuclei	Nuclei_RadialDistribution_FracAtD_Mito_3of4
Nuclei	Nuclei_RadialDistribution_FracAtD_Mito_4of4
Nuclei	Nuclei_RadialDistribution_FracAtD_RNA_1of4
Nuclei	Nuclei_RadialDistribution_FracAtD_RNA_2of4
Nuclei	Nuclei_RadialDistribution_FracAtD_RNA_3of4
Nuclei	Nuclei_RadialDistribution_FracAtD_RNA_4of4
Nuclei	Nuclei_RadialDistribution_MeanFrac_AGP_1of4
Nuclei	Nuclei_RadialDistribution_MeanFrac_AGP_2of4
Nuclei	Nuclei_RadialDistribution_MeanFrac_AGP_3of4
Nuclei	Nuclei_RadialDistribution_MeanFrac_AGP_4of4
Nuclei	Nuclei_RadialDistribution_MeanFrac_ER_1of4
Nuclei	Nuclei_RadialDistribution_MeanFrac_ER_2of4
Nuclei	Nuclei_RadialDistribution_MeanFrac_ER_3of4
Nuclei	Nuclei_RadialDistribution_MeanFrac_ER_4of4
Nuclei	Nuclei_RadialDistribution_MeanFrac_Mito_1of4
Nuclei	Nuclei_RadialDistribution_MeanFrac_Mito_2of4
Nuclei	Nuclei_RadialDistribution_MeanFrac_Mito_3of4
Nuclei	Nuclei_RadialDistribution_MeanFrac_Mito_4of4
Nuclei	Nuclei_RadialDistribution_MeanFrac_RNA_1of4
Nuclei	Nuclei_RadialDistribution_MeanFrac_RNA_2of4
Nuclei	Nuclei_RadialDistribution_MeanFrac_RNA_3of4
Nuclei	Nuclei_RadialDistribution_MeanFrac_RNA_4of4
Nuclei	Nuclei_RadialDistribution_RadialCV_AGP_1of4
Nuclei	Nuclei_RadialDistribution_RadialCV_AGP_2of4
Nuclei	Nuclei_RadialDistribution_RadialCV_AGP_3of4
Nuclei	Nuclei_RadialDistribution_RadialCV_AGP_4of4
Nuclei	Nuclei_RadialDistribution_RadialCV_ER_1of4
Nuclei	Nuclei_RadialDistribution_RadialCV_ER_2of4
Nuclei	Nuclei_RadialDistribution_RadialCV_ER_3of4
Nuclei	Nuclei_RadialDistribution_RadialCV_ER_4of4
Nuclei	Nuclei_RadialDistribution_RadialCV_Mito_1of4
Nuclei	Nuclei_RadialDistribution_RadialCV_Mito_2of4
Nuclei	Nuclei_RadialDistribution_RadialCV_Mito_3of4
Nuclei	Nuclei_RadialDistribution_RadialCV_Mito_4of4
Nuclei	Nuclei_RadialDistribution_RadialCV_RNA_1of4
Nuclei	Nuclei_RadialDistribution_RadialCV_RNA_2of4
Nuclei	Nuclei_RadialDistribution_RadialCV_RNA_3of4
Nuclei	Nuclei_RadialDistribution_RadialCV_RNA_4of4
Nuclei	Nuclei_Texture_AngularSecondMoment_AGP_10_0
Nuclei	Nuclei_Texture_AngularSecondMoment_AGP_20_0
Nuclei	Nuclei_Texture_AngularSecondMoment_AGP_5_0
Nuclei	Nuclei_Texture_AngularSecondMoment_DNA_10_0
Nuclei	Nuclei_Texture_AngularSecondMoment_DNA_20_0
Nuclei	Nuclei_Texture_AngularSecondMoment_DNA_5_0
Nuclei	Nuclei_Texture_AngularSecondMoment_ER_10_0
Nuclei	Nuclei_Texture_AngularSecondMoment_ER_20_0
Nuclei	Nuclei_Texture_AngularSecondMoment_ER_5_0
Nuclei	Nuclei_Texture_AngularSecondMoment_Mito_10_0
Nuclei	Nuclei_Texture_AngularSecondMoment_Mito_20_0
Nuclei	Nuclei_Texture_AngularSecondMoment_Mito_5_0
Nuclei	Nuclei_Texture_AngularSecondMoment_RNA_10_0
Nuclei	Nuclei_Texture_AngularSecondMoment_RNA_20_0
Nuclei	Nuclei_Texture_AngularSecondMoment_RNA_5_0
Nuclei	Nuclei_Texture_Contrast_AGP_10_0
Nuclei	Nuclei_Texture_Contrast_AGP_20_0
Nuclei	Nuclei_Texture_Contrast_AGP_5_0
Nuclei	Nuclei_Texture_Contrast_DNA_10_0
Nuclei	Nuclei_Texture_Contrast_DNA_20_0
Nuclei	Nuclei_Texture_Contrast_DNA_5_0
Nuclei	Nuclei_Texture_Contrast_ER_10_0
Nuclei	Nuclei_Texture_Contrast_ER_20_0
Nuclei	Nuclei_Texture_Contrast_ER_5_0
Nuclei	Nuclei_Texture_Contrast_Mito_10_0
Nuclei	Nuclei_Texture_Contrast_Mito_20_0
Nuclei	Nuclei_Texture_Contrast_Mito_5_0
Nuclei	Nuclei_Texture_Contrast_RNA_10_0
Nuclei	Nuclei_Texture_Contrast_RNA_20_0
Nuclei	Nuclei_Texture_Contrast_RNA_5_0
Nuclei	Nuclei_Texture_Correlation_AGP_10_0
Nuclei	Nuclei_Texture_Correlation_AGP_20_0
Nuclei	Nuclei_Texture_Correlation_AGP_5_0
Nuclei	Nuclei_Texture_Correlation_DNA_10_0
Nuclei	Nuclei_Texture_Correlation_DNA_20_0
Nuclei	Nuclei_Texture_Correlation_DNA_5_0
Nuclei	Nuclei_Texture_Correlation_ER_10_0
Nuclei	Nuclei_Texture_Correlation_ER_20_0
Nuclei	Nuclei_Texture_Correlation_ER_5_0
Nuclei	Nuclei_Texture_Correlation_Mito_10_0
Nuclei	Nuclei_Texture_Correlation_Mito_20_0
Nuclei	Nuclei_Texture_Correlation_Mito_5_0
Nuclei	Nuclei_Texture_Correlation_RNA_10_0
Nuclei	Nuclei_Texture_Correlation_RNA_20_0
Nuclei	Nuclei_Texture_Correlation_RNA_5_0
Nuclei	Nuclei_Texture_DifferenceEntropy_AGP_10_0
Nuclei	Nuclei_Texture_DifferenceEntropy_AGP_20_0
Nuclei	Nuclei_Texture_DifferenceEntropy_AGP_5_0
Nuclei	Nuclei_Texture_DifferenceEntropy_DNA_10_0
Nuclei	Nuclei_Texture_DifferenceEntropy_DNA_20_0
Nuclei	Nuclei_Texture_DifferenceEntropy_DNA_5_0
Nuclei	Nuclei_Texture_DifferenceEntropy_ER_10_0
Nuclei	Nuclei_Texture_DifferenceEntropy_ER_20_0
Nuclei	Nuclei_Texture_DifferenceEntropy_ER_5_0
Nuclei	Nuclei_Texture_DifferenceEntropy_Mito_10_0
Nuclei	Nuclei_Texture_DifferenceEntropy_Mito_20_0
Nuclei	Nuclei_Texture_DifferenceEntropy_Mito_5_0
Nuclei	Nuclei_Texture_DifferenceEntropy_RNA_10_0
Nuclei	Nuclei_Texture_DifferenceEntropy_RNA_20_0
Nuclei	Nuclei_Texture_DifferenceEntropy_RNA_5_0
Nuclei	Nuclei_Texture_DifferenceVariance_AGP_10_0
Nuclei	Nuclei_Texture_DifferenceVariance_AGP_20_0
Nuclei	Nuclei_Texture_DifferenceVariance_AGP_5_0
Nuclei	Nuclei_Texture_DifferenceVariance_DNA_10_0
Nuclei	Nuclei_Texture_DifferenceVariance_DNA_20_0
Nuclei	Nuclei_Texture_DifferenceVariance_DNA_5_0
Nuclei	Nuclei_Texture_DifferenceVariance_ER_10_0
Nuclei	Nuclei_Texture_DifferenceVariance_ER_20_0
Nuclei	Nuclei_Texture_DifferenceVariance_ER_5_0
Nuclei	Nuclei_Texture_DifferenceVariance_Mito_10_0
Nuclei	Nuclei_Texture_DifferenceVariance_Mito_20_0
Nuclei	Nuclei_Texture_DifferenceVariance_Mito_5_0
Nuclei	Nuclei_Texture_DifferenceVariance_RNA_10_0
Nuclei	Nuclei_Texture_DifferenceVariance_RNA_20_0
Nuclei	Nuclei_Texture_DifferenceVariance_RNA_5_0
Nuclei	Nuclei_Texture_Entropy_AGP_10_0
Nuclei	Nuclei_Texture_Entropy_AGP_20_0
Nuclei	Nuclei_Texture_Entropy_AGP_5_0
Nuclei	Nuclei_Texture_Entropy_DNA_10_0
Nuclei	Nuclei_Texture_Entropy_DNA_20_0
Nuclei	Nuclei_Texture_Entropy_DNA_5_0
Nuclei	Nuclei_Texture_Entropy_ER_10_0
Nuclei	Nuclei_Texture_Entropy_ER_20_0
Nuclei	Nuclei_Texture_Entropy_ER_5_0
Nuclei	Nuclei_Texture_Entropy_Mito_10_0
Nuclei	Nuclei_Texture_Entropy_Mito_20_0
Nuclei	Nuclei_Texture_Entropy_Mito_5_0
Nuclei	Nuclei_Texture_Entropy_RNA_10_0
Nuclei	Nuclei_Texture_Entropy_RNA_20_0
Nuclei	Nuclei_Texture_Entropy_RNA_5_0
Nuclei	Nuclei_Texture_Gabor_AGP_10
Nuclei	Nuclei_Texture_Gabor_AGP_20
Nuclei	Nuclei_Texture_Gabor_AGP_5
Nuclei	Nuclei_Texture_Gabor_DNA_10
Nuclei	Nuclei_Texture_Gabor_DNA_20
Nuclei	Nuclei_Texture_Gabor_DNA_5
Nuclei	Nuclei_Texture_Gabor_ER_10
Nuclei	Nuclei_Texture_Gabor_ER_20
Nuclei	Nuclei_Texture_Gabor_ER_5
Nuclei	Nuclei_Texture_Gabor_Mito_10
Nuclei	Nuclei_Texture_Gabor_Mito_20
Nuclei	Nuclei_Texture_Gabor_Mito_5
Nuclei	Nuclei_Texture_Gabor_RNA_10
Nuclei	Nuclei_Texture_Gabor_RNA_20
Nuclei	Nuclei_Texture_Gabor_RNA_5
Nuclei	Nuclei_Texture_InfoMeas1_AGP_10_0
Nuclei	Nuclei_Texture_InfoMeas1_AGP_20_0
Nuclei	Nuclei_Texture_InfoMeas1_AGP_5_0
Nuclei	Nuclei_Texture_InfoMeas1_DNA_10_0
Nuclei	Nuclei_Texture_InfoMeas1_DNA_20_0
Nuclei	Nuclei_Texture_InfoMeas1_DNA_5_0
Nuclei	Nuclei_Texture_InfoMeas1_ER_10_0
Nuclei	Nuclei_Texture_InfoMeas1_ER_20_0
Nuclei	Nuclei_Texture_InfoMeas1_ER_5_0
Nuclei	Nuclei_Texture_InfoMeas1_Mito_10_0
Nuclei	Nuclei_Texture_InfoMeas1_Mito_20_0
Nuclei	Nuclei_Texture_InfoMeas1_Mito_5_0
Nuclei	Nuclei_Texture_InfoMeas1_RNA_10_0
Nuclei	Nuclei_Texture_InfoMeas1_RNA_20_0
Nuclei	Nuclei_Texture_InfoMeas1_RNA_5_0
Nuclei	Nuclei_Texture_InfoMeas2_AGP_10_0
Nuclei	Nuclei_Texture_InfoMeas2_AGP_20_0
Nuclei	Nuclei_Texture_InfoMeas2_AGP_5_0
Nuclei	Nuclei_Texture_InfoMeas2_DNA_10_0
Nuclei	Nuclei_Texture_InfoMeas2_DNA_20_0
Nuclei	Nuclei_Texture_InfoMeas2_DNA_5_0
Nuclei	Nuclei_Texture_InfoMeas2_ER_10_0
Nuclei	Nuclei_Texture_InfoMeas2_ER_20_0
Nuclei	Nuclei_Texture_InfoMeas2_ER_5_0
Nuclei	Nuclei_Texture_InfoMeas2_Mito_10_0
Nuclei	Nuclei_Texture_InfoMeas2_Mito_20_0
Nuclei	Nuclei_Texture_InfoMeas2_Mito_5_0
Nuclei	Nuclei_Texture_InfoMeas2_RNA_10_0
Nuclei	Nuclei_Texture_InfoMeas2_RNA_20_0
Nuclei	Nuclei_Texture_InfoMeas2_RNA_5_0
Nuclei	Nuclei_Texture_InverseDifferenceMoment_AGP_10_0
Nuclei	Nuclei_Texture_InverseDifferenceMoment_AGP_20_0
Nuclei	Nuclei_Texture_InverseDifferenceMoment_AGP_5_0
Nuclei	Nuclei_Texture_InverseDifferenceMoment_DNA_10_0
Nuclei	Nuclei_Texture_InverseDifferenceMoment_DNA_20_0
Nuclei	Nuclei_Texture_InverseDifferenceMoment_DNA_5_0
Nuclei	Nuclei_Texture_InverseDifferenceMoment_ER_10_0
Nuclei	Nuclei_Texture_InverseDifferenceMoment_ER_20_0
Nuclei	Nuclei_Texture_InverseDifferenceMoment_ER_5_0
Nuclei	Nuclei_Texture_InverseDifferenceMoment_Mito_10_0
Nuclei	Nuclei_Texture_InverseDifferenceMoment_Mito_20_0
Nuclei	Nuclei_Texture_InverseDifferenceMoment_Mito_5_0
Nuclei	Nuclei_Texture_InverseDifferenceMoment_RNA_10_0
Nuclei	Nuclei_Texture_InverseDifferenceMoment_RNA_20_0
Nuclei	Nuclei_Texture_InverseDifferenceMoment_RNA_5_0
Nuclei	Nuclei_Texture_SumAverage_AGP_10_0
Nuclei	Nuclei_Texture_SumAverage_AGP_20_0
Nuclei	Nuclei_Texture_SumAverage_AGP_5_0
Nuclei	Nuclei_Texture_SumAverage_DNA_10_0
Nuclei	Nuclei_Texture_SumAverage_DNA_20_0
Nuclei	Nuclei_Texture_SumAverage_DNA_5_0
Nuclei	Nuclei_Texture_SumAverage_ER_10_0
Nuclei	Nuclei_Texture_SumAverage_ER_20_0
Nuclei	Nuclei_Texture_SumAverage_ER_5_0
Nuclei	Nuclei_Texture_SumAverage_Mito_10_0
Nuclei	Nuclei_Texture_SumAverage_Mito_20_0
Nuclei	Nuclei_Texture_SumAverage_Mito_5_0
Nuclei	Nuclei_Texture_SumAverage_RNA_10_0
Nuclei	Nuclei_Texture_SumAverage_RNA_20_0
Nuclei	Nuclei_Texture_SumAverage_RNA_5_0
Nuclei	Nuclei_Texture_SumEntropy_AGP_10_0
Nuclei	Nuclei_Texture_SumEntropy_AGP_20_0
Nuclei	Nuclei_Texture_SumEntropy_AGP_5_0
Nuclei	Nuclei_Texture_SumEntropy_DNA_10_0
Nuclei	Nuclei_Texture_SumEntropy_DNA_20_0
Nuclei	Nuclei_Texture_SumEntropy_DNA_5_0
Nuclei	Nuclei_Texture_SumEntropy_ER_10_0
Nuclei	Nuclei_Texture_SumEntropy_ER_20_0
Nuclei	Nuclei_Texture_SumEntropy_ER_5_0
Nuclei	Nuclei_Texture_SumEntropy_Mito_10_0
Nuclei	Nuclei_Texture_SumEntropy_Mito_20_0
Nuclei	Nuclei_Texture_SumEntropy_Mito_5_0
Nuclei	Nuclei_Texture_SumEntropy_RNA_10_0
Nuclei	Nuclei_Texture_SumEntropy_RNA_20_0
Nuclei	Nuclei_Texture_SumEntropy_RNA_5_0
Nuclei	Nuclei_Texture_SumVariance_AGP_10_0
Nuclei	Nuclei_Texture_SumVariance_AGP_20_0
Nuclei	Nuclei_Texture_SumVariance_AGP_5_0
Nuclei	Nuclei_Texture_SumVariance_DNA_10_0
Nuclei	Nuclei_Texture_SumVariance_DNA_20_0
Nuclei	Nuclei_Texture_SumVariance_DNA_5_0
Nuclei	Nuclei_Texture_SumVariance_ER_10_0
Nuclei	Nuclei_Texture_SumVariance_ER_20_0
Nuclei	Nuclei_Texture_SumVariance_ER_5_0
Nuclei	Nuclei_Texture_SumVariance_Mito_10_0
Nuclei	Nuclei_Texture_SumVariance_Mito_20_0
Nuclei	Nuclei_Texture_SumVariance_Mito_5_0
Nuclei	Nuclei_Texture_SumVariance_RNA_10_0
Nuclei	Nuclei_Texture_SumVariance_RNA_20_0
Nuclei	Nuclei_Texture_SumVariance_RNA_5_0
Nuclei	Nuclei_Texture_Variance_AGP_10_0
Nuclei	Nuclei_Texture_Variance_AGP_20_0
Nuclei	Nuclei_Texture_Variance_AGP_5_0
Nuclei	Nuclei_Texture_Variance_DNA_10_0
Nuclei	Nuclei_Texture_Variance_DNA_20_0
Nuclei	Nuclei_Texture_Variance_DNA_5_0
Nuclei	Nuclei_Texture_Variance_ER_10_0
Nuclei	Nuclei_Texture_Variance_ER_20_0
Nuclei	Nuclei_Texture_Variance_ER_5_0
Nuclei	Nuclei_Texture_Variance_Mito_10_0
Nuclei	Nuclei_Texture_Variance_Mito_20_0
Nuclei	Nuclei_Texture_Variance_Mito_5_0
Nuclei	Nuclei_Texture_Variance_RNA_10_0
Nuclei	Nuclei_Texture_Variance_RNA_20_0
Nuclei	Nuclei_Texture_Variance_RNA_5_0