,FeatureNames,Saliency
1202,Nuclei.Nuclei_Correlation_RWC_Mito_RNA,0.0009390695
139,Cytoplasm.Cytoplasm_RadialDistribution_RadialCV_DNA_1of4,0.0009222718
611,Nuclei.Nuclei_Granularity_5_DNA,0.0009133059
270,Nuclei.Nuclei_Correlation_Correlation_DNA_ER,0.00087445957
229,Nuclei.Nuclei_Granularity_3_DNA,0.00086743856
366,Cytoplasm.Cytoplasm_Granularity_1_AGP,0.0008241032
757,Nuclei.Nuclei_Granularity_13_DNA,0.00080446946
707,Nuclei.Nuclei_Correlation_RWC_RNA_Mito,0.0007663784
314,Nuclei.Nuclei_Correlation_Correlation_AGP_Brightfield,0.00076196884
868,Cells.Cells_Granularity_1_AGP,0.0007603494
947,Nuclei.Nuclei_RadialDistribution_RadialCV_ER_2of4,0.00075623504
372,Cytoplasm.Cytoplasm_RadialDistribution_RadialCV_DNA_2of4,0.0007542114
643,Nuclei.Nuclei_AreaShape_Zernike_8_6,0.0007530325
568,Nuclei.Nuclei_RadialDistribution_FracAtD_RNA_3of4,0.0007411435
151,Nuclei.Nuclei_RadialDistribution_RadialCV_ER_3of4,0.00073636917
232,Nuclei.Nuclei_RadialDistribution_MeanFrac_RNA_3of4,0.0007291745
754,Nuclei.Nuclei_AreaShape_Zernike_8_8,0.0007056159
815,Cytoplasm.Cytoplasm_Correlation_RWC_AGP_RNA,0.0007024546
1230,Nuclei.Nuclei_Correlation_RWC_ER_RNA,0.0007020166
1188,Nuclei.Nuclei_Granularity_7_DNA,0.0006599924
575,Nuclei.Nuclei_Granularity_2_DNA,0.00064949796
358,Cells.Cells_Correlation_RWC_AGP_ER,0.0006448786
550,Nuclei.Nuclei_RadialDistribution_FracAtD_ER_3of4,0.00064440625
520,Nuclei.Nuclei_RadialDistribution_MeanFrac_ER_3of4,0.0006443117
373,Nuclei.Nuclei_Correlation_RWC_AGP_RNA,0.0006432583
116,Cells.Cells_RadialDistribution_RadialCV_Mito_4of4,0.0006318747
45,Nuclei.Nuclei_Correlation_RWC_RNA_ER,0.0006293333
697,Nuclei.Nuclei_Correlation_RWC_DNA_RNA,0.00062461843
727,Nuclei.Nuclei_AreaShape_Zernike_9_9,0.0006225762
401,Nuclei.Nuclei_Correlation_Correlation_DNA_Mito,0.0006163181
537,Cytoplasm.Cytoplasm_RadialDistribution_RadialCV_DNA_4of4,0.0006140847
1006,Nuclei.Nuclei_Correlation_RWC_RNA_DNA,0.00061216915
435,Nuclei.Nuclei_Correlation_RWC_Mito_ER,0.0006107596
564,Nuclei.Nuclei_Granularity_1_AGP,0.00060653395
371,Nuclei.Nuclei_AreaShape_Zernike_6_6,0.0006042156
94,Nuclei.Nuclei_AreaShape_Zernike_6_4,0.0005883558
277,Nuclei.Nuclei_RadialDistribution_RadialCV_Mito_4of4,0.00058278453
1050,Cytoplasm.Cytoplasm_RadialDistribution_RadialCV_AGP_4of4,0.0005748279
996,Nuclei.Nuclei_RadialDistribution_RadialCV_Mito_2of4,0.00056376104
871,Cytoplasm.Cytoplasm_Granularity_2_ER,0.0005633042
1192,Nuclei.Nuclei_AreaShape_Zernike_8_4,0.0005616437
368,Cells.Cells_RadialDistribution_MeanFrac_Brightfield_3of4,0.0005613501
293,Nuclei.Nuclei_Granularity_1_DNA,0.0005603278
948,Nuclei.Nuclei_RadialDistribution_RadialCV_Mito_3of4,0.00055607664
596,Nuclei.Nuclei_RadialDistribution_RadialCV_DNA_1of4,0.0005479497
1219,Cytoplasm.Cytoplasm_RadialDistribution_RadialCV_Mito_4of4,0.0005416892
424,Nuclei.Nuclei_AreaShape_Zernike_4_0,0.00054031063
1132,Cytoplasm.Cytoplasm_Correlation_RWC_DNA_AGP,0.0005393501
711,Nuclei.Nuclei_AreaShape_Zernike_5_3,0.0005393439
985,Cells.Cells_Neighbors_SecondClosestDistance_Adjacent,0.0005370851
642,Cells.Cells_AreaShape_Zernike_8_4,0.0005330657
128,Nuclei.Nuclei_RadialDistribution_MeanFrac_ER_4of4,0.0005303971
734,Cells.Cells_Correlation_RWC_DNA_Brightfield,0.00052307406
721,Cells.Cells_Neighbors_AngleBetweenNeighbors_Adjacent,0.0005189705
674,Nuclei.Nuclei_AreaShape_Zernike_1_1,0.00051035255
1288,Nuclei.Nuclei_Correlation_RWC_Brightfield_RNA,0.0005089588
1203,Cytoplasm.Cytoplasm_Correlation_RWC_RNA_AGP,0.00050154905
1012,Cytoplasm.Cytoplasm_Intensity_MADIntensity_AGP,0.0005000409
115,Nuclei.Nuclei_Intensity_MassDisplacement_Brightfield,0.0004988818
287,Nuclei.Nuclei_AreaShape_Zernike_7_7,0.0004961513
509,Nuclei.Nuclei_RadialDistribution_FracAtD_DNA_2of4,0.00049475644
810,Cells.Cells_AreaShape_Zernike_0_0,0.00049464754
34,Cytoplasm.Cytoplasm_Correlation_RWC_Mito_DNA,0.00048658974
957,Nuclei.Nuclei_Correlation_RWC_RNA_AGP,0.00048458428
531,Cytoplasm.Cytoplasm_Granularity_8_ER,0.0004809459
523,Nuclei.Nuclei_RadialDistribution_RadialCV_ER_1of4,0.0004735423
974,Nuclei.Nuclei_Correlation_RWC_ER_DNA,0.00046407196
1168,Nuclei.Nuclei_AreaShape_Zernike_5_5,0.00046308662
1009,Nuclei.Nuclei_RadialDistribution_RadialCV_ER_4of4,0.00046209525
150,Nuclei.Nuclei_RadialDistribution_MeanFrac_ER_2of4,0.00046122176
679,Cells.Cells_Granularity_2_ER,0.00046107188
545,Cytoplasm.Cytoplasm_Intensity_MassDisplacement_Mito,0.00045561834
784,Nuclei.Nuclei_RadialDistribution_MeanFrac_DNA_3of4,0.00045505524
1023,Nuclei.Nuclei_RadialDistribution_RadialCV_RNA_3of4,0.00045369085
819,Nuclei.Nuclei_Correlation_RWC_AGP_ER,0.00045255467
340,Nuclei.Nuclei_AreaShape_Zernike_4_4,0.00044949556
791,Nuclei.Nuclei_RadialDistribution_MeanFrac_Mito_3of4,0.000449178
355,Cells.Cells_RadialDistribution_MeanFrac_ER_3of4,0.00044895467
346,Cytoplasm.Cytoplasm_Parent_Nuclei,0.00044747925
359,Nuclei.Nuclei_RadialDistribution_MeanFrac_RNA_4of4,0.0004438828
101,Cytoplasm.Cytoplasm_RadialDistribution_MeanFrac_AGP_2of4,0.0004422703
551,Cytoplasm.Cytoplasm_Number_Object_Number,0.0004349929
759,Nuclei.Nuclei_Correlation_RWC_ER_Mito,0.00043495218
352,Cytoplasm.Cytoplasm_RadialDistribution_MeanFrac_AGP_1of4,0.00043431474
299,Nuclei.Nuclei_AreaShape_Zernike_3_3,0.0004312686
993,Cells.Cells_Granularity_2_RNA,0.00042872978
170,Cytoplasm.Cytoplasm_Granularity_1_RNA,0.0004285779
1207,Nuclei.Nuclei_AreaShape_EulerNumber,0.00042598663
897,Cells.Cells_Correlation_RWC_ER_AGP,0.00042198086
225,Nuclei.Nuclei_RadialDistribution_RadialCV_Mito_1of4,0.00042186797
896,Cells.Cells_Correlation_RWC_DNA_ER,0.0004203491
662,Cells.Cells_Intensity_StdIntensityEdge_Brightfield,0.00042007692
615,Cells.Cells_RadialDistribution_FracAtD_ER_3of4,0.00041990913
30,Cytoplasm.Cytoplasm_Intensity_StdIntensityEdge_Brightfield,0.0004197696
169,Cells.Cells_AreaShape_Compactness,0.00041928826
57,Cytoplasm.Cytoplasm_RadialDistribution_MeanFrac_ER_1of4,0.0004152659
862,Cells.Cells_Granularity_8_ER,0.00041508346
113,Cytoplasm.Cytoplasm_Correlation_RWC_AGP_ER,0.00041459358
992,Nuclei.Nuclei_RadialDistribution_FracAtD_ER_4of4,0.0004129894
9,Cells.Cells_RadialDistribution_RadialCV_DNA_4of4,0.0004129727
364,Cytoplasm.Cytoplasm_AreaShape_FormFactor,0.00041096073
1078,Cytoplasm.Cytoplasm_RadialDistribution_RadialCV_DNA_3of4,0.00040721626
1277,Cytoplasm.Cytoplasm_RadialDistribution_RadialCV_AGP_3of4,0.00040478806
773,Nuclei.Nuclei_Correlation_RWC_RNA_Brightfield,0.00040369376
387,Cytoplasm.Cytoplasm_RadialDistribution_RadialCV_ER_2of4,0.0004025933
976,Nuclei.Nuclei_Intensity_MassDisplacement_ER,0.00040231188
612,Cells.Cells_Granularity_11_AGP,0.00040220754
794,Cells.Cells_RadialDistribution_RadialCV_AGP_4of4,0.00040141455
1227,Nuclei.Nuclei_Correlation_Overlap_DNA_RNA,0.00039722375
298,Nuclei.Nuclei_Correlation_Correlation_DNA_RNA,0.00039631256
386,Nuclei.Nuclei_Granularity_11_AGP,0.00039517612
127,Nuclei.Nuclei_Granularity_10_ER,0.0003881809
1140,Cells.Cells_Granularity_1_Brightfield,0.00038713653
668,Nuclei.Nuclei_Correlation_RWC_Mito_DNA,0.0003858726
78,Nuclei.Nuclei_Intensity_MinIntensityEdge_ER,0.00038411387
644,Nuclei.Nuclei_Correlation_Correlation_Mito_RNA,0.00037730325
1113,Cells.Cells_Neighbors_FirstClosestObjectNumber_Adjacent,0.00037643613
910,Cells.Cells_Correlation_RWC_Mito_RNA,0.0003741631
1138,Cells.Cells_Correlation_RWC_AGP_RNA,0.00037389822
929,Cells.Cells_Parent_Nuclei,0.0003738972
1201,Cells.Cells_Neighbors_SecondClosestObjectNumber_Adjacent,0.00037134506
689,Nuclei.Nuclei_Correlation_RWC_ER_AGP,0.00036791668
152,Cytoplasm.Cytoplasm_RadialDistribution_MeanFrac_Brightfield_2of4,0.0003679132
348,Nuclei.Nuclei_Intensity_MassDisplacement_Mito,0.00036760795
798,Nuclei.Nuclei_RadialDistribution_FracAtD_DNA_4of4,0.00036566544
305,Nuclei.Nuclei_RadialDistribution_RadialCV_AGP_3of4,0.0003650162
342,Cells.Cells_Intensity_MassDisplacement_Mito,0.0003631806
722,Cells.Cells_Granularity_6_ER,0.00036253143
156,Nuclei.Nuclei_Number_Object_Number,0.00036192572
208,Cells.Cells_Neighbors_FirstClosestDistance_Adjacent,0.00035589497
193,Nuclei.Nuclei_RadialDistribution_FracAtD_DNA_1of4,0.00035550745
1063,Cytoplasm.Cytoplasm_Correlation_RWC_AGP_DNA,0.00035516394
1010,Nuclei.Nuclei_Granularity_6_ER,0.00035423075
1193,Cytoplasm.Cytoplasm_Granularity_10_Mito,0.0003539565
3,Cytoplasm.Cytoplasm_Parent_Cells,0.00035154255
263,Cytoplasm.Cytoplasm_Granularity_8_AGP,0.0003493947
941,Cells.Cells_AreaShape_Zernike_7_5,0.00034931308
441,Nuclei.Nuclei_Granularity_10_DNA,0.00034909925
968,Cytoplasm.Cytoplasm_Granularity_3_Mito,0.00034892256
1183,Nuclei.Nuclei_Granularity_6_DNA,0.00034844695
297,Nuclei.Nuclei_Granularity_2_AGP,0.00034760073
1241,Cytoplasm.Cytoplasm_AreaShape_Eccentricity,0.00034690314
321,Nuclei.Nuclei_RadialDistribution_RadialCV_Brightfield_2of4,0.0003465405
109,Nuclei.Nuclei_RadialDistribution_RadialCV_Brightfield_1of4,0.00034458644
1184,Cytoplasm.Cytoplasm_Granularity_6_ER,0.00034437978
497,Nuclei.Nuclei_Correlation_RWC_DNA_ER,0.00034426845
1223,Nuclei.Nuclei_AreaShape_Zernike_8_2,0.0003441374
921,Nuclei.Nuclei_Granularity_9_DNA,0.00034402098
1056,Nuclei.Nuclei_RadialDistribution_FracAtD_Brightfield_1of4,0.00034394063
811,Nuclei.Nuclei_RadialDistribution_RadialCV_RNA_4of4,0.00034266102
1159,Cells.Cells_Correlation_K_RNA_AGP,0.0003418332
318,Cells.Cells_Granularity_4_ER,0.0003407674
1296,Cytoplasm.Cytoplasm_Granularity_1_Brightfield,0.0003406237
29,Cytoplasm.Cytoplasm_RadialDistribution_MeanFrac_Brightfield_3of4,0.00034025023
1244,Nuclei.Nuclei_AreaShape_MaxFeretDiameter,0.0003402208
1280,Nuclei.Nuclei_AreaShape_Zernike_9_3,0.0003398975
183,Cells.Cells_RadialDistribution_RadialCV_Brightfield_4of4,0.00033899082
478,Nuclei.Nuclei_Granularity_5_Brightfield,0.0003372294
111,Cytoplasm.Cytoplasm_Correlation_Correlation_AGP_Brightfield,0.0003355846
375,Nuclei.Nuclei_Granularity_4_Brightfield,0.00033483526
1029,Nuclei.Nuclei_Granularity_2_Brightfield,0.0003345808
331,Cells.Cells_Granularity_1_RNA,0.00033045883
960,Cells.Cells_AreaShape_Zernike_4_0,0.0003298669
969,Nuclei.Nuclei_AreaShape_Zernike_3_1,0.00032640138
326,Nuclei.Nuclei_AreaShape_Compactness,0.00032541755
848,Cells.Cells_Correlation_K_ER_DNA,0.00032267594
244,Cells.Cells_RadialDistribution_MeanFrac_Brightfield_4of4,0.0003195564
1304,Cytoplasm.Cytoplasm_Correlation_K_AGP_RNA,0.0003185299
206,Cytoplasm.Cytoplasm_Granularity_2_AGP,0.00031841622
934,Nuclei.Nuclei_Granularity_8_DNA,0.00031746118
1003,Nuclei.Nuclei_RadialDistribution_RadialCV_AGP_4of4,0.00031690078
361,Cells.Cells_AreaShape_Zernike_9_9,0.00031614595
873,Cells.Cells_RadialDistribution_FracAtD_ER_4of4,0.00031481512
431,Cytoplasm.Cytoplasm_Correlation_RWC_DNA_ER,0.00031436366
1020,Nuclei.Nuclei_RadialDistribution_MeanFrac_RNA_2of4,0.0003138708
804,Cytoplasm.Cytoplasm_RadialDistribution_MeanFrac_AGP_3of4,0.00031370597
1022,Nuclei.Nuclei_Correlation_RWC_AGP_Mito,0.00031241745
884,Cells.Cells_Correlation_Manders_AGP_DNA,0.00031194644
89,Nuclei.Nuclei_Intensity_StdIntensity_Mito,0.00031182563
153,Nuclei.Nuclei_AreaShape_Extent,0.00031180622
1107,Cells.Cells_Correlation_K_RNA_DNA,0.00031140863
250,Nuclei.Nuclei_AreaShape_Zernike_0_0,0.00031100467
412,Cells.Cells_Intensity_MinIntensityEdge_Brightfield,0.00031068624
328,Nuclei.Nuclei_RadialDistribution_MeanFrac_Mito_4of4,0.0003089646
933,Cytoplasm.Cytoplasm_Granularity_4_ER,0.00030818264
691,Cells.Cells_Intensity_MassDisplacement_AGP,0.00030780415
538,Cytoplasm.Cytoplasm_Granularity_2_RNA,0.0003076839
883,Cytoplasm.Cytoplasm_Correlation_K_ER_RNA,0.0003074643
1312,Cytoplasm.Cytoplasm_AreaShape_Zernike_6_2,0.00030715077
546,Cells.Cells_RadialDistribution_MeanFrac_ER_4of4,0.00030501405
984,Nuclei.Nuclei_RadialDistribution_FracAtD_Mito_3of4,0.00030373942
983,Cells.Cells_Intensity_StdIntensityEdge_ER,0.00030324963
200,Cells.Cells_Correlation_Manders_ER_DNA,0.0003028981
613,Nuclei.Nuclei_AreaShape_Zernike_4_2,0.00030283592
245,Nuclei.Nuclei_RadialDistribution_MeanFrac_Brightfield_4of4,0.0003024711
687,Cells.Cells_Neighbors_NumberOfNeighbors_Adjacent,0.000302105
53,Cytoplasm.Cytoplasm_AreaShape_Zernike_2_0,0.00030188583
853,Cytoplasm.Cytoplasm_Granularity_13_RNA,0.00030137796
458,Cells.Cells_Intensity_StdIntensityEdge_Mito,0.000301063
1191,Nuclei.Nuclei_Correlation_K_ER_DNA,0.00030053133
504,Nuclei.Nuclei_AreaShape_Zernike_2_2,0.00029916284
1300,Nuclei.Nuclei_Granularity_11_DNA,0.00029864642
436,Cytoplasm.Cytoplasm_Granularity_5_Brightfield,0.00029669402
1126,Cells.Cells_Intensity_MinIntensity_Brightfield,0.0002966462
768,Cytoplasm.Cytoplasm_AreaShape_Zernike_1_1,0.00029635476
926,Nuclei.Nuclei_Correlation_Correlation_ER_RNA,0.00029572466
1087,Nuclei.Nuclei_Intensity_MassDisplacement_RNA,0.00029558432
280,Cytoplasm.Cytoplasm_Correlation_Overlap_DNA_RNA,0.0002947953
56,Cytoplasm.Cytoplasm_RadialDistribution_RadialCV_ER_3of4,0.00029479497
174,Nuclei.Nuclei_Granularity_12_DNA,0.00029467948
579,Cells.Cells_Number_Object_Number,0.00029396953
392,Nuclei.Nuclei_RadialDistribution_FracAtD_Brightfield_2of4,0.00029302572
922,Cytoplasm.Cytoplasm_Correlation_Manders_RNA_AGP,0.00029211052
1281,Nuclei.Nuclei_Granularity_7_ER,0.0002915892
377,Cytoplasm.Cytoplasm_RadialDistribution_MeanFrac_ER_2of4,0.00029156738
278,Nuclei.Nuclei_RadialDistribution_MeanFrac_DNA_4of4,0.00029050285
1285,Cytoplasm.Cytoplasm_Granularity_10_ER,0.0002898478
1165,Nuclei.Nuclei_RadialDistribution_RadialCV_DNA_4of4,0.0002892921
1246,Nuclei.Nuclei_RadialDistribution_RadialCV_AGP_2of4,0.00028879225
723,Cells.Cells_Granularity_5_Brightfield,0.0002878787
102,Nuclei.Nuclei_Intensity_IntegratedIntensity_Brightfield,0.00028554106
586,Cells.Cells_RadialDistribution_RadialCV_DNA_1of4,0.00028537292
792,Cytoplasm.Cytoplasm_Intensity_IntegratedIntensityEdge_AGP,0.0002850056
44,Cytoplasm.Cytoplasm_Correlation_K_RNA_AGP,0.00028471454
1045,Cells.Cells_RadialDistribution_MeanFrac_RNA_1of4,0.00028421613
989,Cytoplasm.Cytoplasm_Correlation_K_RNA_ER,0.00028296997
154,Cytoplasm.Cytoplasm_Correlation_Manders_DNA_ER,0.0002826396
999,Cells.Cells_Correlation_RWC_RNA_Brightfield,0.0002822689
831,Cells.Cells_Granularity_13_RNA,0.0002814463
453,Cells.Cells_Correlation_Correlation_ER_RNA,0.00028054178
310,Nuclei.Nuclei_RadialDistribution_MeanFrac_DNA_2of4,0.00028052018
796,Cytoplasm.Cytoplasm_Granularity_16_RNA,0.00027969852
66,Cytoplasm.Cytoplasm_Granularity_5_AGP,0.00027953618
654,Nuclei.Nuclei_Correlation_RWC_Mito_Brightfield,0.00027852211
381,Cells.Cells_Correlation_Overlap_AGP_Brightfield,0.00027709754
1255,Cytoplasm.Cytoplasm_AreaShape_Zernike_5_5,0.0002758927
397,Cells.Cells_Correlation_RWC_Brightfield_DNA,0.00027571188
627,Cytoplasm.Cytoplasm_Correlation_Overlap_ER_RNA,0.0002755106
423,Cytoplasm.Cytoplasm_Granularity_13_ER,0.00027402505
805,Cells.Cells_Granularity_9_AGP,0.00027235947
704,Cells.Cells_Intensity_StdIntensity_Brightfield,0.00027212792
699,Nuclei.Nuclei_Correlation_RWC_Brightfield_Mito,0.00027071772
1038,Nuclei.Nuclei_Correlation_Overlap_ER_RNA,0.00027065427
981,Cells.Cells_Granularity_5_ER,0.0002698947
955,Cytoplasm.Cytoplasm_Granularity_4_Mito,0.00026921413
389,Cells.Cells_Intensity_StdIntensityEdge_DNA,0.00026835164
190,Nuclei.Nuclei_AreaShape_Area,0.00026827454
1160,Nuclei.Nuclei_Intensity_MinIntensity_ER,0.00026792136
1043,Nuclei.Nuclei_RadialDistribution_MeanFrac_ER_1of4,0.0002679006
68,Cytoplasm.Cytoplasm_RadialDistribution_RadialCV_Brightfield_3of4,0.00026703347
1046,Cytoplasm.Cytoplasm_Granularity_11_AGP,0.00026686586
155,Cytoplasm.Cytoplasm_RadialDistribution_RadialCV_AGP_2of4,0.00026398583
905,Nuclei.Nuclei_AreaShape_MajorAxisLength,0.0002638228
581,Nuclei.Nuclei_RadialDistribution_MeanFrac_AGP_2of4,0.0002633903
23,Cytoplasm.Cytoplasm_RadialDistribution_FracAtD_ER_2of4,0.00026331653
963,Cytoplasm.Cytoplasm_AreaShape_Zernike_4_0,0.00026296522
823,Nuclei.Nuclei_RadialDistribution_RadialCV_Brightfield_3of4,0.0002620403
686,Cells.Cells_Correlation_RWC_AGP_DNA,0.00026177274
148,Cytoplasm.Cytoplasm_Intensity_MinIntensityEdge_Brightfield,0.00026075312
411,Cells.Cells_Granularity_16_RNA,0.00026011144
1101,Cells.Cells_Intensity_MaxIntensityEdge_ER,0.00025989985
1064,Nuclei.Nuclei_Correlation_Manders_Mito_Brightfield,0.00025919295
789,Nuclei.Nuclei_RadialDistribution_RadialCV_DNA_2of4,0.0002580294
1002,Nuclei.Nuclei_Granularity_1_Brightfield,0.00025727463
795,Cytoplasm.Cytoplasm_Granularity_3_AGP,0.00025633158
1144,Cytoplasm.Cytoplasm_Correlation_RWC_Mito_RNA,0.0002541521
1182,Cells.Cells_Correlation_Correlation_DNA_ER,0.00025400982
353,Cytoplasm.Cytoplasm_Correlation_RWC_ER_AGP,0.00025346247
493,Nuclei.Nuclei_Granularity_15_DNA,0.00025322995
761,Cells.Cells_RadialDistribution_MeanFrac_AGP_3of4,0.00025292265
20,Cytoplasm.Cytoplasm_Intensity_MassDisplacement_AGP,0.00025283935
938,Nuclei.Nuclei_RadialDistribution_FracAtD_RNA_4of4,0.00025244197
472,Nuclei.Nuclei_Correlation_RWC_ER_Brightfield,0.0002523578
510,Cytoplasm.Cytoplasm_Correlation_Manders_DNA_Mito,0.00025170058
204,Cells.Cells_RadialDistribution_RadialCV_RNA_1of4,0.00025158527
677,Cytoplasm.Cytoplasm_AreaShape_Solidity,0.00025088986
622,Cytoplasm.Cytoplasm_Correlation_K_AGP_DNA,0.00025005173
489,Nuclei.Nuclei_Granularity_1_RNA,0.0002489165
449,Nuclei.Nuclei_Intensity_StdIntensityEdge_DNA,0.00024877492
887,Nuclei.Nuclei_Correlation_Overlap_Mito_RNA,0.00024812424
1252,Cytoplasm.Cytoplasm_Correlation_Manders_ER_AGP,0.00024810267
569,Cytoplasm.Cytoplasm_Correlation_RWC_Brightfield_RNA,0.00024808658
961,Cells.Cells_RadialDistribution_RadialCV_Mito_1of4,0.00024798984
398,Nuclei.Nuclei_RadialDistribution_RadialCV_Brightfield_4of4,0.00024715954
830,Cells.Cells_Granularity_15_ER,0.0002464967
629,Nuclei.Nuclei_Intensity_MADIntensity_DNA,0.00024558383
588,Cells.Cells_AreaShape_Zernike_6_0,0.0002445189
252,Cells.Cells_Intensity_IntegratedIntensityEdge_AGP,0.00024438687
1127,Cells.Cells_AreaShape_Zernike_2_2,0.00024131977
783,Cells.Cells_Correlation_RWC_ER_DNA,0.0002405672
47,Cells.Cells_Neighbors_PercentTouching_Adjacent,0.00024054117
1042,Nuclei.Nuclei_Intensity_IntegratedIntensity_AGP,0.00024052129
1196,Cytoplasm.Cytoplasm_Correlation_Overlap_AGP_Brightfield,0.00024052101
1095,Cells.Cells_Granularity_10_ER,0.00024030192
972,Cytoplasm.Cytoplasm_RadialDistribution_MeanFrac_RNA_3of4,0.000239493
816,Cells.Cells_Intensity_IntegratedIntensityEdge_ER,0.0002393534
249,Cells.Cells_RadialDistribution_RadialCV_AGP_1of4,0.00023929235
648,Cells.Cells_RadialDistribution_FracAtD_AGP_3of4,0.00023825905
706,Nuclei.Nuclei_Intensity_MassDisplacement_AGP,0.00023768704
213,Cells.Cells_Intensity_MinIntensity_AGP,0.0002376147
990,Cytoplasm.Cytoplasm_Granularity_3_ER,0.00023685094
254,Nuclei.Nuclei_AreaShape_Zernike_7_3,0.00023498356
207,Cytoplasm.Cytoplasm_AreaShape_Zernike_9_1,0.00023485498
542,Cells.Cells_Intensity_MADIntensity_AGP,0.00023469722
1249,Cells.Cells_Intensity_MinIntensityEdge_AGP,0.00023268587
907,Cytoplasm.Cytoplasm_Correlation_RWC_RNA_Brightfield,0.00023241717
950,Cytoplasm.Cytoplasm_RadialDistribution_MeanFrac_ER_4of4,0.00023225622
528,Cytoplasm.Cytoplasm_Granularity_8_RNA,0.00023195134
908,Cytoplasm.Cytoplasm_Intensity_MinIntensityEdge_AGP,0.00023053263
731,Nuclei.Nuclei_Intensity_MinIntensity_Brightfield,0.00023025862
549,Cells.Cells_Correlation_Overlap_DNA_ER,0.0002301829
1058,Nuclei.Nuclei_Granularity_9_AGP,0.00023015802
1094,Cytoplasm.Cytoplasm_AreaShape_MinorAxisLength,0.0002297138
767,Cytoplasm.Cytoplasm_Intensity_StdIntensityEdge_Mito,0.00022967395
350,Cytoplasm.Cytoplasm_Granularity_7_Mito,0.00022964903
347,Cytoplasm.Cytoplasm_Granularity_13_AGP,0.00022776521
234,Nuclei.Nuclei_Granularity_16_AGP,0.0002275032
606,Cells.Cells_Granularity_16_AGP,0.00022746091
1134,Cells.Cells_Correlation_RWC_Brightfield_RNA,0.0002268288
628,Cytoplasm.Cytoplasm_RadialDistribution_MeanFrac_RNA_2of4,0.00022678896
1195,Cells.Cells_Granularity_10_Mito,0.00022648458
1297,Cells.Cells_Correlation_K_DNA_RNA,0.0002262168
742,Nuclei.Nuclei_Granularity_2_RNA,0.00022583762
1293,Nuclei.Nuclei_Correlation_RWC_AGP_DNA,0.00022485745
851,Nuclei.Nuclei_AreaShape_MedianRadius,0.00022484254
420,Cells.Cells_RadialDistribution_RadialCV_Brightfield_1of4,0.00022483984
67,Cells.Cells_Intensity_IntegratedIntensityEdge_DNA,0.00022482242
120,Nuclei.Nuclei_Granularity_16_RNA,0.0002239161
445,Cytoplasm.Cytoplasm_RadialDistribution_RadialCV_ER_4of4,0.00022387403
782,Cytoplasm.Cytoplasm_Granularity_15_Mito,0.0002223263
42,Cytoplasm.Cytoplasm_Correlation_Manders_AGP_Mito,0.0002222268
209,Cytoplasm.Cytoplasm_Granularity_9_Mito,0.00022213248
96,Cytoplasm.Cytoplasm_Correlation_RWC_Brightfield_ER,0.0002219884
1157,Cytoplasm.Cytoplasm_RadialDistribution_RadialCV_Brightfield_4of4,0.00022179843
159,Nuclei.Nuclei_AreaShape_FormFactor,0.00022160719
701,Cells.Cells_Correlation_RWC_RNA_AGP,0.00022113827
555,Cytoplasm.Cytoplasm_Correlation_Manders_Mito_DNA,0.00021819182
1254,Cytoplasm.Cytoplasm_RadialDistribution_RadialCV_AGP_1of4,0.0002181807
98,Cytoplasm.Cytoplasm_RadialDistribution_MeanFrac_Brightfield_4of4,0.00021766123
83,Cytoplasm.Cytoplasm_Granularity_15_AGP,0.00021762603
391,Cells.Cells_RadialDistribution_MeanFrac_Mito_1of4,0.0002159383
199,Nuclei.Nuclei_RadialDistribution_FracAtD_Mito_1of4,0.00021588133
807,Nuclei.Nuclei_Intensity_MADIntensity_Mito,0.0002158682
694,Nuclei.Nuclei_AreaShape_Zernike_6_0,0.00021542952
583,Cells.Cells_Correlation_K_AGP_RNA,0.00021522572
1119,Nuclei.Nuclei_RadialDistribution_FracAtD_Brightfield_3of4,0.00021366855
1234,Cells.Cells_Granularity_3_Mito,0.00021290108
881,Nuclei.Nuclei_Intensity_MADIntensity_ER,0.00021267343
867,Cells.Cells_Granularity_15_Mito,0.0002125054
965,Nuclei.Nuclei_Granularity_11_Brightfield,0.00021209345
952,Cells.Cells_AreaShape_Zernike_5_5,0.00021157038
951,Cytoplasm.Cytoplasm_Intensity_MinIntensity_AGP,0.00021152929
247,Cytoplasm.Cytoplasm_RadialDistribution_MeanFrac_RNA_1of4,0.00021151218
776,Cytoplasm.Cytoplasm_AreaShape_Zernike_2_2,0.0002112099
956,Nuclei.Nuclei_RadialDistribution_MeanFrac_DNA_1of4,0.00021081865
1222,Cells.Cells_RadialDistribution_RadialCV_AGP_3of4,0.00021052467
1278,Nuclei.Nuclei_Correlation_K_DNA_RNA,0.00021029508
241,Cytoplasm.Cytoplasm_AreaShape_Zernike_9_9,0.00020998907
1181,Nuclei.Nuclei_Intensity_MinIntensity_RNA,0.00020965986
780,Cells.Cells_AreaShape_Solidity,0.00020903409
50,Cytoplasm.Cytoplasm_AreaShape_Zernike_7_3,0.00020892848
852,Cells.Cells_Intensity_MeanIntensityEdge_ER,0.00020876879
374,Nuclei.Nuclei_AreaShape_MinFeretDiameter,0.0002086807
349,Cells.Cells_AreaShape_Zernike_9_3,0.00020778136
1004,Cytoplasm.Cytoplasm_RadialDistribution_RadialCV_Brightfield_2of4,0.00020744215
750,Nuclei.Nuclei_AreaShape_Zernike_7_1,0.00020735434
457,Nuclei.Nuclei_Intensity_IntegratedIntensityEdge_DNA,0.0002060866
227,Nuclei.Nuclei_AreaShape_Perimeter,0.00020601555
1265,Nuclei.Nuclei_RadialDistribution_MeanFrac_AGP_1of4,0.00020567329
710,Cells.Cells_Granularity_4_AGP,0.00020530546
309,Nuclei.Nuclei_Intensity_StdIntensityEdge_AGP,0.00020512243
521,Nuclei.Nuclei_RadialDistribution_MeanFrac_Mito_2of4,0.00020509872
136,Nuclei.Nuclei_Correlation_Manders_ER_RNA,0.0002044621
1137,Cytoplasm.Cytoplasm_Correlation_Manders_Mito_AGP,0.00020415406
516,Cells.Cells_Intensity_MassDisplacement_RNA,0.0002041127
370,Cytoplasm.Cytoplasm_Correlation_RWC_ER_DNA,0.00020407762
36,Nuclei.Nuclei_Granularity_15_ER,0.00020395404
877,Nuclei.Nuclei_Intensity_StdIntensityEdge_Mito,0.00020320991
216,Nuclei.Nuclei_Correlation_RWC_Mito_AGP,0.00020285814
649,Cytoplasm.Cytoplasm_RadialDistribution_MeanFrac_RNA_4of4,0.00020034512
987,Cytoplasm.Cytoplasm_Granularity_11_ER,0.0002000187
11,Cytoplasm.Cytoplasm_Intensity_MassDisplacement_RNA,0.00019946728
168,Cytoplasm.Cytoplasm_Granularity_5_ER,0.00019910159
954,Cells.Cells_Correlation_Manders_Mito_AGP,0.00019908232
54,Nuclei.Nuclei_Granularity_13_RNA,0.00019871777
337,Cytoplasm.Cytoplasm_Correlation_Correlation_DNA_Mito,0.00019781508
145,Nuclei.Nuclei_AreaShape_MinorAxisLength,0.00019747631
97,Nuclei.Nuclei_Granularity_13_AGP,0.00019742212
788,Cytoplasm.Cytoplasm_Intensity_StdIntensityEdge_DNA,0.00019725312
1015,Cells.Cells_Correlation_K_RNA_ER,0.00019718081
973,Nuclei.Nuclei_Correlation_Manders_ER_Brightfield,0.0001960866
1303,Cells.Cells_Intensity_MedianIntensity_AGP,0.00019527145
1295,Cytoplasm.Cytoplasm_Intensity_MaxIntensity_ER,0.00019518388
1236,Cytoplasm.Cytoplasm_Correlation_Manders_AGP_DNA,0.00019428974
953,Cytoplasm.Cytoplasm_Correlation_K_Mito_ER,0.00019411767
393,Cells.Cells_RadialDistribution_FracAtD_RNA_3of4,0.00019384392
770,Nuclei.Nuclei_AreaShape_MeanRadius,0.00019348059
690,Cells.Cells_Granularity_12_Mito,0.0001926182
902,Cells.Cells_RadialDistribution_RadialCV_AGP_2of4,0.0001917266
1302,Nuclei.Nuclei_Correlation_RWC_DNA_Mito,0.0001913265
203,Nuclei.Nuclei_Granularity_12_Mito,0.00019112746
255,Nuclei.Nuclei_Correlation_K_RNA_DNA,0.00019099313
570,Nuclei.Nuclei_Location_CenterMassIntensity_Y_DNA,0.00019082063
601,Nuclei.Nuclei_Correlation_K_RNA_AGP,0.000190688
1136,Cytoplasm.Cytoplasm_Granularity_4_Brightfield,0.00019048523
834,Cells.Cells_RadialDistribution_RadialCV_ER_4of4,0.00018992844
912,Nuclei.Nuclei_Correlation_Manders_AGP_DNA,0.00018983548
858,Cytoplasm.Cytoplasm_Granularity_9_ER,0.000188514
194,Cytoplasm.Cytoplasm_Granularity_5_Mito,0.00018843167
975,Nuclei.Nuclei_Location_MaxIntensity_Y_AGP,0.00018712293
86,Nuclei.Nuclei_Intensity_MeanIntensityEdge_RNA,0.00018703987
1239,Cytoplasm.Cytoplasm_Correlation_RWC_DNA_Brightfield,0.00018699413
916,Cells.Cells_Correlation_Manders_ER_Mito,0.00018646498
1123,Cells.Cells_Location_CenterMassIntensity_X_ER,0.00018618151
526,Cytoplasm.Cytoplasm_Intensity_MinIntensity_Brightfield,0.000185146
518,Cells.Cells_RadialDistribution_MeanFrac_AGP_1of4,0.00018474637
616,Nuclei.Nuclei_AreaShape_Solidity,0.00018412
312,Nuclei.Nuclei_Granularity_14_DNA,0.00018338217
455,Cytoplasm.Cytoplasm_Correlation_K_ER_AGP,0.00018302645
702,Nuclei.Nuclei_Granularity_12_RNA,0.00018157711
1301,Cytoplasm.Cytoplasm_Granularity_9_Brightfield,0.00018116966
90,Cytoplasm.Cytoplasm_Intensity_MedianIntensity_AGP,0.00018061105
850,Cells.Cells_AreaShape_FormFactor,0.00018056169
857,Nuclei.Nuclei_RadialDistribution_MeanFrac_RNA_1of4,0.00018042409
1133,Cells.Cells_RadialDistribution_RadialCV_DNA_2of4,0.0001804026
205,Cells.Cells_RadialDistribution_MeanFrac_ER_2of4,0.00018026469
1276,Cells.Cells_Intensity_MaxIntensityEdge_Brightfield,0.00018023078
1204,Nuclei.Nuclei_RadialDistribution_MeanFrac_AGP_4of4,0.00017961685
671,Cells.Cells_AreaShape_Zernike_6_4,0.00017951698
812,Nuclei.Nuclei_RadialDistribution_FracAtD_DNA_3of4,0.00017875507
51,Cytoplasm.Cytoplasm_Correlation_Manders_ER_DNA,0.00017872271
751,Cells.Cells_Correlation_Manders_AGP_Mito,0.00017832933
1279,Cytoplasm.Cytoplasm_Correlation_RWC_RNA_ER,0.0001782804
1097,Cells.Cells_RadialDistribution_RadialCV_Brightfield_3of4,0.00017737492
1017,Nuclei.Nuclei_Granularity_14_ER,0.00017694561
1059,Cytoplasm.Cytoplasm_Intensity_MaxIntensity_AGP,0.00017532981
1086,Cytoplasm.Cytoplasm_Granularity_5_RNA,0.00017505142
980,Cytoplasm.Cytoplasm_Correlation_Overlap_DNA_Mito,0.00017487984
198,Nuclei.Nuclei_Correlation_RWC_DNA_AGP,0.00017483295
594,Nuclei.Nuclei_Correlation_Manders_RNA_Brightfield,0.00017454814
854,Nuclei.Nuclei_Granularity_7_AGP,0.00017431652
720,Nuclei.Nuclei_Correlation_Overlap_DNA_ER,0.00017430604
390,Cytoplasm.Cytoplasm_AreaShape_MaxFeretDiameter,0.00017413888
302,Nuclei.Nuclei_Granularity_15_AGP,0.00017411902
937,Nuclei.Nuclei_Correlation_RWC_Brightfield_ER,0.00017405019
219,Cells.Cells_Correlation_RWC_AGP_Brightfield,0.00017383315
1267,Cytoplasm.Cytoplasm_RadialDistribution_RadialCV_RNA_1of4,0.00017380455
313,Nuclei.Nuclei_Correlation_Manders_Brightfield_DNA,0.00017298441
43,Cells.Cells_Granularity_3_ER,0.00017272714
837,Cells.Cells_Correlation_Manders_DNA_RNA,0.00017245286
1139,Nuclei.Nuclei_RadialDistribution_FracAtD_AGP_3of4,0.00017232401
1131,Cytoplasm.Cytoplasm_Granularity_7_Brightfield,0.00017214593
48,Nuclei.Nuclei_Granularity_7_Brightfield,0.00017200143
273,Nuclei.Nuclei_Granularity_4_AGP,0.0001719843
892,Cytoplasm.Cytoplasm_Intensity_MaxIntensityEdge_Brightfield,0.0001717314
12,Cytoplasm.Cytoplasm_RadialDistribution_MeanFrac_DNA_4of4,0.0001714919
1199,Nuclei.Nuclei_RadialDistribution_FracAtD_RNA_2of4,0.00017130903
1238,Cytoplasm.Cytoplasm_Intensity_LowerQuartileIntensity_Brightfield,0.00017125327
356,Cytoplasm.Cytoplasm_Intensity_StdIntensity_Brightfield,0.00017116193
824,Cells.Cells_RadialDistribution_FracAtD_ER_2of4,0.00017110184
291,Cells.Cells_RadialDistribution_FracAtD_ER_1of4,0.00017099766
33,Cytoplasm.Cytoplasm_AreaShape_Extent,0.00017074613
354,Cytoplasm.Cytoplasm_AreaShape_Zernike_7_5,0.000170537
214,Cytoplasm.Cytoplasm_RadialDistribution_FracAtD_ER_1of4,0.00017043174
1261,Nuclei.Nuclei_Granularity_5_ER,0.0001694678
1198,Cytoplasm.Cytoplasm_RadialDistribution_FracAtD_ER_4of4,0.00016931641
275,Nuclei.Nuclei_Granularity_16_DNA,0.00016888128
1024,Nuclei.Nuclei_Correlation_Manders_ER_DNA,0.00016775621
1155,Cytoplasm.Cytoplasm_AreaShape_MaximumRadius,0.00016665565
25,Nuclei.Nuclei_Intensity_MinIntensityEdge_AGP,0.00016519906
103,Cytoplasm.Cytoplasm_Intensity_MaxIntensityEdge_DNA,0.00016497906
256,Nuclei.Nuclei_Granularity_5_AGP,0.00016497179
470,Cytoplasm.Cytoplasm_Correlation_RWC_Mito_ER,0.00016478682
262,Cytoplasm.Cytoplasm_AreaShape_Zernike_5_3,0.00016478424
129,Nuclei.Nuclei_Correlation_K_Mito_AGP,0.0001644845
100,Cytoplasm.Cytoplasm_Granularity_9_AGP,0.00016425586
88,Cytoplasm.Cytoplasm_Granularity_7_AGP,0.00016410483
554,Cells.Cells_Intensity_MaxIntensityEdge_Mito,0.00016370999
108,Cytoplasm.Cytoplasm_Granularity_16_AGP,0.00016231592
1186,Cells.Cells_RadialDistribution_RadialCV_DNA_3of4,0.00016210462
315,Cytoplasm.Cytoplasm_Correlation_RWC_RNA_DNA,0.00016205505
1258,Cells.Cells_Correlation_Manders_ER_Brightfield,0.00016182601
1044,Cells.Cells_AreaShape_Eccentricity,0.00016098308
859,Nuclei.Nuclei_AreaShape_Zernike_9_5,0.00016075384
696,Nuclei.Nuclei_AreaShape_Zernike_9_7,0.00016060444
1307,Cytoplasm.Cytoplasm_AreaShape_Compactness,0.00016022644
655,Cytoplasm.Cytoplasm_Intensity_IntegratedIntensityEdge_DNA,0.00016003296
446,Cytoplasm.Cytoplasm_Granularity_11_RNA,0.00015911042
656,Cytoplasm.Cytoplasm_RadialDistribution_MeanFrac_DNA_3of4,0.00015871595
729,Nuclei.Nuclei_Granularity_15_Mito,0.00015865035
925,Cells.Cells_AreaShape_Zernike_4_4,0.0001585575
855,Cells.Cells_Intensity_MADIntensity_Brightfield,0.0001582794
675,Cells.Cells_Granularity_5_AGP,0.00015783061
945,Nuclei.Nuclei_Intensity_IntegratedIntensityEdge_Brightfield,0.00015770721
879,Nuclei.Nuclei_Intensity_MeanIntensityEdge_ER,0.00015770053
1274,Cells.Cells_Granularity_8_AGP,0.00015761176
683,Cells.Cells_RadialDistribution_FracAtD_RNA_1of4,0.00015717935
602,Cytoplasm.Cytoplasm_RadialDistribution_RadialCV_RNA_4of4,0.00015666857
144,Cytoplasm.Cytoplasm_Granularity_3_RNA,0.00015663801
573,Cells.Cells_RadialDistribution_FracAtD_AGP_1of4,0.00015661148
344,Cytoplasm.Cytoplasm_Intensity_IntegratedIntensity_DNA,0.00015656823
1272,Cells.Cells_Location_CenterMassIntensity_X_AGP,0.00015653604
1291,Nuclei.Nuclei_Granularity_4_RNA,0.00015592836
502,Cells.Cells_RadialDistribution_MeanFrac_RNA_3of4,0.00015515035
920,Cytoplasm.Cytoplasm_Granularity_2_Mito,0.00015487164
58,Nuclei.Nuclei_Intensity_MedianIntensity_DNA,0.00015485974
70,Cytoplasm.Cytoplasm_Intensity_LowerQuartileIntensity_ER,0.00015469568
99,Cells.Cells_Granularity_7_Mito,0.00015453389
177,Nuclei.Nuclei_Intensity_MinIntensity_AGP,0.00015444195
1185,Cells.Cells_Granularity_16_ER,0.00015431672
557,Nuclei.Nuclei_Intensity_LowerQuartileIntensity_DNA,0.00015387165
1106,Nuclei.Nuclei_Intensity_MinIntensity_Mito,0.00015311867
498,Cells.Cells_Granularity_15_AGP,0.00015270697
519,Cytoplasm.Cytoplasm_Correlation_RWC_ER_Mito,0.0001525362
914,Cells.Cells_AreaShape_Orientation,0.00015183722
560,Cytoplasm.Cytoplasm_Granularity_16_ER,0.00015065404
414,Cells.Cells_Granularity_2_Mito,0.00015043923
800,Nuclei.Nuclei_Correlation_Manders_AGP_RNA,0.00015042315
272,Nuclei.Nuclei_Granularity_10_AGP,0.00014981392
500,Cytoplasm.Cytoplasm_AreaShape_Zernike_8_4,0.00014959728
394,Nuclei.Nuclei_Correlation_Manders_ER_Mito,0.00014953171
927,Nuclei.Nuclei_Granularity_16_ER,0.00014919597
1051,Cells.Cells_RadialDistribution_FracAtD_AGP_2of4,0.00014863623
1156,Nuclei.Nuclei_Intensity_StdIntensity_AGP,0.00014848288
626,Nuclei.Nuclei_Intensity_UpperQuartileIntensity_DNA,0.00014826893
1013,Cells.Cells_Correlation_K_Mito_Brightfield,0.00014810532
341,Nuclei.Nuclei_RadialDistribution_RadialCV_DNA_3of4,0.00014792124
482,Cytoplasm.Cytoplasm_AreaShape_Zernike_8_6,0.0001477862
1151,Nuclei.Nuclei_Intensity_IntegratedIntensity_RNA,0.00014758478
430,Cytoplasm.Cytoplasm_Granularity_10_RNA,0.00014686299
106,Cytoplasm.Cytoplasm_Correlation_K_ER_Mito,0.0001468002
664,Nuclei.Nuclei_Correlation_Manders_RNA_Mito,0.00014601515
130,Cytoplasm.Cytoplasm_AreaShape_MinFeretDiameter,0.00014565446
1088,Cytoplasm.Cytoplasm_Intensity_MassDisplacement_Brightfield,0.00014529297
808,Nuclei.Nuclei_Correlation_RWC_Brightfield_DNA,0.00014507755
1200,Cytoplasm.Cytoplasm_Correlation_Correlation_ER_RNA,0.00014458358
417,Cells.Cells_Granularity_10_RNA,0.00014446523
182,Cells.Cells_Intensity_UpperQuartileIntensity_DNA,0.00014424643
296,Cells.Cells_Location_CenterMassIntensity_X_Mito,0.00014368053
440,Cells.Cells_Granularity_7_AGP,0.00014345573
1122,Cytoplasm.Cytoplasm_Granularity_11_Brightfield,0.00014339958
932,Cells.Cells_AreaShape_Zernike_8_2,0.00014316526
1313,Cells.Cells_Granularity_10_Brightfield,0.00014313089
239,Cells.Cells_Granularity_11_RNA,0.0001424534
327,Cytoplasm.Cytoplasm_Intensity_MADIntensity_DNA,0.00014237185
875,Cytoplasm.Cytoplasm_RadialDistribution_MeanFrac_AGP_4of4,0.0001421611
609,Cytoplasm.Cytoplasm_RadialDistribution_MeanFrac_DNA_2of4,0.00014149505
1282,Cells.Cells_RadialDistribution_RadialCV_Mito_3of4,0.0001413464
215,Nuclei.Nuclei_Correlation_Manders_DNA_AGP,0.00014084317
124,Nuclei.Nuclei_Correlation_Manders_Brightfield_ER,0.00014080314
1115,Cells.Cells_RadialDistribution_MeanFrac_RNA_2of4,0.00014061642
75,Cells.Cells_Correlation_RWC_DNA_AGP,0.00014042738
891,Cells.Cells_Granularity_14_Mito,0.00013944342
246,Cells.Cells_Correlation_Manders_RNA_Mito,0.00013911551
13,Nuclei.Nuclei_Correlation_Overlap_AGP_Brightfield,0.0001389717
316,Cells.Cells_Intensity_MaxIntensity_AGP,0.00013871594
944,Cells.Cells_AreaShape_Zernike_9_5,0.00013862754
669,Nuclei.Nuclei_Granularity_10_Mito,0.00013811015
636,Cytoplasm.Cytoplasm_Intensity_UpperQuartileIntensity_ER,0.0001375747
646,Cytoplasm.Cytoplasm_AreaShape_Zernike_7_1,0.00013728003
243,Nuclei.Nuclei_AreaShape_Zernike_2_0,0.00013714864
1052,Cytoplasm.Cytoplasm_Correlation_RWC_AGP_Brightfield,0.0001371406
463,Nuclei.Nuclei_Intensity_StdIntensityEdge_RNA,0.00013696539
378,Nuclei.Nuclei_Correlation_RWC_DNA_Brightfield,0.00013693402
19,Cytoplasm.Cytoplasm_AreaShape_Zernike_3_1,0.00013683182
495,Cytoplasm.Cytoplasm_RadialDistribution_RadialCV_RNA_3of4,0.00013680485
681,Cytoplasm.Cytoplasm_Location_MaxIntensity_Z_AGP,0.00013676188
919,Cytoplasm.Cytoplasm_Correlation_Manders_Brightfield_Mito,0.00013591022
283,Cells.Cells_Correlation_Manders_DNA_Mito,0.00013577129
1110,Nuclei.Nuclei_Granularity_8_AGP,0.00013562848
1315,Cytoplasm.Cytoplasm_Granularity_6_RNA,0.00013489668
281,Cytoplasm.Cytoplasm_Correlation_Manders_ER_Brightfield,0.0001342149
149,Cells.Cells_Intensity_StdIntensityEdge_AGP,0.00013367087
1174,Cells.Cells_Granularity_3_RNA,0.00013320977
351,Cytoplasm.Cytoplasm_Granularity_2_Brightfield,0.00013283864
763,Cytoplasm.Cytoplasm_Correlation_RWC_DNA_RNA,0.00013270827
1189,Cells.Cells_Correlation_K_ER_AGP,0.00013215892
739,Cells.Cells_Correlation_Manders_RNA_DNA,0.00013190716
269,Cells.Cells_Correlation_K_ER_RNA,0.00013125165
59,Cytoplasm.Cytoplasm_AreaShape_Zernike_4_4,0.00013119374
476,Nuclei.Nuclei_Intensity_MADIntensity_Brightfield,0.00013110605
639,Nuclei.Nuclei_Granularity_15_Brightfield,0.00013095893
71,Cells.Cells_Correlation_K_DNA_ER,0.00013086913
122,Nuclei.Nuclei_Intensity_MaxIntensity_Mito,0.00013056147
459,Cells.Cells_AreaShape_MinorAxisLength,0.00013039442
915,Cells.Cells_Location_CenterMassIntensity_Y_DNA,0.00013028782
274,Cytoplasm.Cytoplasm_Correlation_Manders_Mito_RNA,0.0001296873
799,Nuclei.Nuclei_Correlation_K_AGP_DNA,0.00012945652
608,Nuclei.Nuclei_Correlation_Manders_AGP_Brightfield,0.00012937137
563,Cytoplasm.Cytoplasm_RadialDistribution_FracAtD_DNA_1of4,0.00012923765
334,Cytoplasm.Cytoplasm_Correlation_Manders_AGP_RNA,0.00012853001
1041,Nuclei.Nuclei_Correlation_Manders_RNA_AGP,0.00012829767
894,Cells.Cells_Granularity_4_RNA,0.000128072
92,Cytoplasm.Cytoplasm_Location_CenterMassIntensity_X_ER,0.00012804719
1068,Cells.Cells_Intensity_MaxIntensity_ER,0.00012797269
692,Cells.Cells_Intensity_MaxIntensity_RNA,0.0001279575
295,Cells.Cells_Intensity_IntegratedIntensity_Brightfield,0.00012775112
31,Cells.Cells_Granularity_7_ER,0.00012771957
809,Cytoplasm.Cytoplasm_Intensity_StdIntensity_RNA,0.0001271602
456,Cytoplasm.Cytoplasm_Intensity_MADIntensity_Mito,0.00012674207
903,Nuclei.Nuclei_Granularity_1_ER,0.00012661492
2,Cytoplasm.Cytoplasm_Correlation_Manders_Brightfield_AGP,0.00012637713
488,Cytoplasm.Cytoplasm_Intensity_UpperQuartileIntensity_RNA,0.00012631528
1171,Cytoplasm.Cytoplasm_Intensity_MaxIntensity_DNA,0.00012581133
63,Cytoplasm.Cytoplasm_Location_CenterMassIntensity_Z_ER,0.00012562108
1317,Nuclei.Nuclei_Granularity_12_ER,0.00012558348
676,Nuclei.Nuclei_RadialDistribution_FracAtD_ER_2of4,0.00012555775
121,Cells.Cells_Granularity_3_AGP,0.00012550894
426,Cells.Cells_AreaShape_Zernike_6_2,0.00012525113
1027,Cells.Cells_Location_CenterMassIntensity_Y_AGP,0.00012443852
332,Cytoplasm.Cytoplasm_Intensity_MinIntensity_Mito,0.0001232862
285,Cells.Cells_Intensity_MeanIntensity_ER,0.00012328463
444,Cytoplasm.Cytoplasm_Correlation_Manders_DNA_RNA,0.00012302015
673,Nuclei.Nuclei_Correlation_K_AGP_ER,0.0001227549
126,Cytoplasm.Cytoplasm_Correlation_K_Brightfield_ER,0.00012267326
16,Cells.Cells_AreaShape_MaxFeretDiameter,0.00012251845
1075,Cells.Cells_RadialDistribution_FracAtD_Brightfield_2of4,0.0001225174
841,Nuclei.Nuclei_Intensity_MeanIntensityEdge_AGP,0.00012226317
998,Cytoplasm.Cytoplasm_Correlation_RWC_ER_Brightfield,0.0001220828
736,Cells.Cells_Correlation_K_Mito_ER,0.00012204656
576,Nuclei.Nuclei_AreaShape_Zernike_5_1,0.000121756384
259,Cytoplasm.Cytoplasm_Granularity_6_AGP,0.00012159977
286,Cytoplasm.Cytoplasm_RadialDistribution_RadialCV_RNA_2of4,0.000121539124
452,Cells.Cells_AreaShape_Center_Y,0.00012141306
1033,Cytoplasm.Cytoplasm_Intensity_MaxIntensityEdge_AGP,0.000121118464
849,Nuclei.Nuclei_AreaShape_MaximumRadius,0.00012091983
1116,Cytoplasm.Cytoplasm_Correlation_K_Brightfield_Mito,0.000120901
1210,Cells.Cells_Granularity_4_Brightfield,0.000120881654
733,Cytoplasm.Cytoplasm_Intensity_StdIntensity_DNA,0.00012014208
454,Cytoplasm.Cytoplasm_Intensity_StdIntensityEdge_AGP,0.00011911269
544,Cytoplasm.Cytoplasm_Correlation_Manders_RNA_Mito,0.000119104836
383,Nuclei.Nuclei_Correlation_Manders_DNA_Brightfield,0.00011902454
1194,Cells.Cells_RadialDistribution_MeanFrac_Brightfield_2of4,0.000118763965
365,Nuclei.Nuclei_Intensity_MADIntensity_RNA,0.00011868861
562,Cells.Cells_Correlation_RWC_RNA_Mito,0.00011853131
380,Cytoplasm.Cytoplasm_Correlation_Correlation_DNA_ER,0.00011840284
481,Nuclei.Nuclei_Granularity_11_ER,0.00011790263
1076,Cells.Cells_Location_CenterMassIntensity_Z_Brightfield,0.00011783667
1266,Cells.Cells_Location_CenterMassIntensity_Z_ER,0.00011770475
1079,Cytoplasm.Cytoplasm_Intensity_MaxIntensity_Brightfield,0.00011735897
461,Cytoplasm.Cytoplasm_Correlation_Correlation_Mito_RNA,0.00011720112
1143,Nuclei.Nuclei_Correlation_Manders_DNA_Mito,0.000116895986
253,Nuclei.Nuclei_AreaShape_Zernike_8_0,0.00011681015
524,Cells.Cells_Intensity_MaxIntensityEdge_AGP,0.00011643554
878,Cells.Cells_Granularity_3_Brightfield,0.000116251445
1037,Cells.Cells_AreaShape_Zernike_7_1,0.000116227435
829,Cells.Cells_Correlation_Overlap_Mito_RNA,0.000116147196
1275,Nuclei.Nuclei_Location_MaxIntensity_Y_DNA,0.000116136194
1176,Cells.Cells_Granularity_11_Brightfield,0.0001158875
1305,Cytoplasm.Cytoplasm_Location_CenterMassIntensity_Y_RNA,0.0001152225
737,Cytoplasm.Cytoplasm_Correlation_K_RNA_Mito,0.00011486861
475,Nuclei.Nuclei_Correlation_Manders_DNA_RNA,0.0001147649
787,Cytoplasm.Cytoplasm_AreaShape_Zernike_8_2,0.00011436056
572,Nuclei.Nuclei_Granularity_9_ER,0.00011392357
1316,Nuclei.Nuclei_AreaShape_Zernike_9_1,0.00011344621
1048,Cells.Cells_AreaShape_MinFeretDiameter,0.00011319696
422,Cytoplasm.Cytoplasm_Intensity_IntegratedIntensityEdge_ER,0.0001127456
593,Cells.Cells_Correlation_Manders_Brightfield_DNA,0.00011273016
211,Cytoplasm.Cytoplasm_Intensity_MedianIntensity_RNA,0.00011262461
462,Cells.Cells_Intensity_LowerQuartileIntensity_RNA,0.00011229652
188,Nuclei.Nuclei_Granularity_15_RNA,0.00011178718
324,Nuclei.Nuclei_Granularity_9_RNA,0.00011164748
311,Cytoplasm.Cytoplasm_AreaShape_MedianRadius,0.000111618436
659,Cytoplasm.Cytoplasm_Location_CenterMassIntensity_X_Brightfield,0.0001114668
339,Cytoplasm.Cytoplasm_Location_Center_X,0.000111418914
740,Cells.Cells_Correlation_Manders_RNA_AGP,0.00011102145
978,Cells.Cells_Location_MaxIntensity_Y_Brightfield,0.000110769535
1256,Nuclei.Nuclei_Location_CenterMassIntensity_Y_RNA,0.00011070619
743,Cells.Cells_RadialDistribution_MeanFrac_AGP_2of4,0.000110558896
76,Nuclei.Nuclei_Correlation_K_AGP_Brightfield,0.00011047057
437,Nuclei.Nuclei_Intensity_MinIntensityEdge_Mito,0.00011032169
1073,Cytoplasm.Cytoplasm_Correlation_K_ER_DNA,0.00011010744
202,Cells.Cells_RadialDistribution_MeanFrac_DNA_4of4,0.0001101008
1034,Cells.Cells_Correlation_Correlation_Mito_RNA,0.000109880224
1237,Cells.Cells_RadialDistribution_FracAtD_Mito_1of4,0.00010982089
230,Cells.Cells_AreaShape_Zernike_7_7,0.000109720735
1016,Nuclei.Nuclei_Location_CenterMassIntensity_Y_Mito,0.000109704924
1030,Nuclei.Nuclei_Granularity_8_ER,0.00010931031
433,Nuclei.Nuclei_Intensity_MedianIntensity_Mito,0.00010923966
1221,Nuclei.Nuclei_RadialDistribution_FracAtD_Mito_2of4,0.00010913303
468,Nuclei.Nuclei_Intensity_IntegratedIntensity_ER,0.00010909944
55,Cells.Cells_Granularity_9_ER,0.0001089974
584,Nuclei.Nuclei_RadialDistribution_MeanFrac_Brightfield_1of4,0.000108911896
1102,Cytoplasm.Cytoplasm_RadialDistribution_FracAtD_Brightfield_1of4,0.00010877584
95,Cells.Cells_Correlation_Overlap_DNA_Mito,0.00010859854
335,Cytoplasm.Cytoplasm_Location_CenterMassIntensity_X_RNA,0.0001085097
913,Cytoplasm.Cytoplasm_RadialDistribution_FracAtD_Mito_4of4,0.00010846353
1103,Cytoplasm.Cytoplasm_AreaShape_EulerNumber,0.00010761839
49,Cells.Cells_Granularity_9_RNA,0.00010755841
1062,Cells.Cells_RadialDistribution_MeanFrac_RNA_4of4,0.00010747784
308,Cells.Cells_Intensity_UpperQuartileIntensity_AGP,0.000107332475
1250,Cells.Cells_Granularity_8_RNA,0.00010720944
473,Cytoplasm.Cytoplasm_Location_CenterMassIntensity_Y_ER,0.000106786916
0,Cells.Cells_Intensity_StdIntensityEdge_RNA,0.000106611194
467,Cells.Cells_Correlation_Manders_Brightfield_Mito,0.00010635242
1294,Cytoplasm.Cytoplasm_RadialDistribution_FracAtD_ER_3of4,0.00010608119
1019,Nuclei.Nuclei_Granularity_9_Brightfield,0.00010578601
641,Nuclei.Nuclei_Correlation_RWC_Brightfield_AGP,0.0001050625
325,Nuclei.Nuclei_Correlation_K_DNA_Mito,0.00010436758
801,Cytoplasm.Cytoplasm_Intensity_MeanIntensityEdge_Brightfield,0.0001043451
946,Cytoplasm.Cytoplasm_Correlation_RWC_Brightfield_AGP,0.00010411007
220,Cells.Cells_Correlation_RWC_DNA_RNA,0.000103952625
864,Cytoplasm.Cytoplasm_Granularity_12_ER,0.00010373514
1289,Cells.Cells_RadialDistribution_MeanFrac_DNA_3of4,0.0001035936
1104,Cells.Cells_Granularity_6_AGP,0.00010343065
180,Cells.Cells_AreaShape_Zernike_8_6,0.00010335436
1167,Cytoplasm.Cytoplasm_Correlation_Overlap_DNA_ER,0.00010309252
448,Cells.Cells_Correlation_Manders_ER_AGP,0.000102823426
1069,Cytoplasm.Cytoplasm_Granularity_13_Brightfield,0.000102680286
623,Cells.Cells_Correlation_RWC_ER_Mito,0.000102576385
876,Cytoplasm.Cytoplasm_RadialDistribution_MeanFrac_Brightfield_1of4,0.00010256442
425,Cells.Cells_AreaShape_Extent,0.00010213494
839,Nuclei.Nuclei_Intensity_IntegratedIntensity_DNA,0.00010146954
379,Cells.Cells_Correlation_Manders_RNA_ER,0.000101394995
680,Cytoplasm.Cytoplasm_Correlation_Manders_RNA_ER,0.00010117463
173,Cells.Cells_Correlation_K_AGP_DNA,0.00010103604
471,Cytoplasm.Cytoplasm_Location_MaxIntensity_Y_Brightfield,0.000100784644
803,Cytoplasm.Cytoplasm_Intensity_StdIntensity_ER,0.00010074594
492,Cells.Cells_Correlation_Manders_DNA_AGP,0.00010066802
1152,Cytoplasm.Cytoplasm_Granularity_15_ER,0.00010043733
114,Cells.Cells_Location_CenterMassIntensity_X_Brightfield,0.000100197416
1283,Nuclei.Nuclei_Intensity_StdIntensity_ER,0.00010019208
900,Cells.Cells_Location_MaxIntensity_X_Mito,0.00010011751
904,Cytoplasm.Cytoplasm_Granularity_6_Brightfield,9.991692e-05
1175,Nuclei.Nuclei_Intensity_MinIntensityEdge_Brightfield,9.96218e-05
539,Cytoplasm.Cytoplasm_AreaShape_Zernike_5_1,9.938202e-05
1011,Cytoplasm.Cytoplasm_Granularity_11_Mito,9.933492e-05
842,Cytoplasm.Cytoplasm_Granularity_15_Brightfield,9.930527e-05
186,Cells.Cells_Correlation_K_Mito_AGP,9.9215125e-05
818,Nuclei.Nuclei_Correlation_Manders_RNA_DNA,9.92015e-05
898,Cytoplasm.Cytoplasm_Intensity_IntegratedIntensity_AGP,9.894557e-05
133,Cells.Cells_Granularity_13_AGP,9.8755154e-05
134,Cells.Cells_Granularity_1_ER,9.868119e-05
413,Nuclei.Nuclei_Correlation_Manders_Mito_DNA,9.86194e-05
1120,Cells.Cells_Intensity_MinIntensity_Mito,9.849839e-05
6,Cells.Cells_Correlation_Overlap_DNA_RNA,9.842045e-05
578,Nuclei.Nuclei_AreaShape_Zernike_6_2,9.817362e-05
1039,Cytoplasm.Cytoplasm_Intensity_MaxIntensity_Mito,9.8117394e-05
909,Cells.Cells_Correlation_K_Brightfield_RNA,9.777045e-05
17,Cytoplasm.Cytoplasm_Intensity_MADIntensity_RNA,9.758696e-05
517,Cells.Cells_RadialDistribution_RadialCV_RNA_3of4,9.753821e-05
1228,Cytoplasm.Cytoplasm_Granularity_14_AGP,9.752405e-05
236,Cells.Cells_Correlation_K_RNA_Mito,9.734888e-05
753,Cytoplasm.Cytoplasm_Granularity_4_AGP,9.731716e-05
264,Cytoplasm.Cytoplasm_Intensity_MedianIntensity_Mito,9.7298805e-05
402,Nuclei.Nuclei_Intensity_MaxIntensityEdge_ER,9.7285025e-05
1251,Cells.Cells_AreaShape_Zernike_6_6,9.6943375e-05
1057,Cells.Cells_Intensity_StdIntensity_DNA,9.669997e-05
695,Nuclei.Nuclei_Granularity_3_RNA,9.6643125e-05
46,Cytoplasm.Cytoplasm_Intensity_MinIntensityEdge_ER,9.6594464e-05
1213,Nuclei.Nuclei_Correlation_K_DNA_ER,9.6532676e-05
889,Cytoplasm.Cytoplasm_Granularity_10_Brightfield,9.6508484e-05
105,Cells.Cells_Correlation_Manders_ER_RNA,9.642715e-05
226,Cytoplasm.Cytoplasm_Intensity_MedianIntensity_ER,9.6164506e-05
427,Nuclei.Nuclei_Granularity_13_Mito,9.5781186e-05
506,Nuclei.Nuclei_Intensity_MaxIntensity_Brightfield,9.560162e-05
778,Nuclei.Nuclei_Intensity_LowerQuartileIntensity_ER,9.5310716e-05
1273,Cytoplasm.Cytoplasm_Intensity_UpperQuartileIntensity_AGP,9.5256815e-05
1112,Nuclei.Nuclei_RadialDistribution_FracAtD_Brightfield_4of4,9.516595e-05
432,Cells.Cells_Correlation_K_ER_Brightfield,9.507092e-05
856,Cells.Cells_Granularity_4_Mito,9.469437e-05
466,Cells.Cells_Intensity_MedianIntensity_RNA,9.461037e-05
838,Nuclei.Nuclei_Granularity_7_Mito,9.460044e-05
1247,Cytoplasm.Cytoplasm_Correlation_Manders_ER_RNA,9.441994e-05
142,Cytoplasm.Cytoplasm_Granularity_9_RNA,9.439862e-05
530,Cells.Cells_Correlation_Manders_Mito_DNA,9.333991e-05
84,Cells.Cells_Intensity_MeanIntensityEdge_AGP,9.322149e-05
483,Cells.Cells_Location_CenterMassIntensity_Y_Mito,9.321372e-05
1090,Cells.Cells_Correlation_Correlation_DNA_RNA,9.3091956e-05
678,Nuclei.Nuclei_AreaShape_Eccentricity,9.3085e-05
137,Cells.Cells_Granularity_7_Brightfield,9.290279e-05
872,Cytoplasm.Cytoplasm_AreaShape_Zernike_8_0,9.26656e-05
240,Cells.Cells_Intensity_StdIntensity_Mito,9.247041e-05
404,Cytoplasm.Cytoplasm_RadialDistribution_RadialCV_Mito_1of4,9.234157e-05
1117,Nuclei.Nuclei_Correlation_K_ER_Brightfield,9.211071e-05
1108,Cytoplasm.Cytoplasm_RadialDistribution_FracAtD_Mito_3of4,9.2068396e-05
118,Cells.Cells_Granularity_2_Brightfield,9.194987e-05
511,Cytoplasm.Cytoplasm_Location_CenterMassIntensity_Y_Brightfield,9.179508e-05
633,Cells.Cells_Intensity_IntegratedIntensity_AGP,9.163587e-05
1164,Cells.Cells_Intensity_IntegratedIntensity_ER,9.162028e-05
882,Cytoplasm.Cytoplasm_RadialDistribution_FracAtD_RNA_1of4,9.117643e-05
228,Cells.Cells_Intensity_IntegratedIntensity_DNA,9.110303e-05
82,Cytoplasm.Cytoplasm_Intensity_MinIntensity_RNA,9.0658934e-05
979,Cells.Cells_Correlation_RWC_Brightfield_ER,9.065265e-05
718,Cells.Cells_Intensity_MinIntensityEdge_Mito,9.0463e-05
813,Cytoplasm.Cytoplasm_Correlation_K_Mito_AGP,9.0209054e-05
869,Cytoplasm.Cytoplasm_Correlation_K_Mito_Brightfield,8.9515226e-05
1130,Cells.Cells_Correlation_RWC_DNA_Mito,8.9299436e-05
166,Cells.Cells_Correlation_Correlation_DNA_Mito,8.881559e-05
1053,Cells.Cells_Correlation_RWC_ER_RNA,8.8654124e-05
820,Cells.Cells_Correlation_RWC_Brightfield_AGP,8.842114e-05
338,Cytoplasm.Cytoplasm_Correlation_K_DNA_Brightfield,8.840487e-05
1292,Cytoplasm.Cytoplasm_Intensity_MeanIntensityEdge_Mito,8.8178946e-05
1235,Cells.Cells_RadialDistribution_MeanFrac_AGP_4of4,8.817116e-05
138,Cytoplasm.Cytoplasm_Correlation_K_AGP_Mito,8.812242e-05
870,Cytoplasm.Cytoplasm_Correlation_RWC_ER_RNA,8.801006e-05
1047,Nuclei.Nuclei_Location_MaxIntensity_Y_Brightfield,8.791068e-05
1245,Cells.Cells_Intensity_MADIntensity_Mito,8.78591e-05
14,Cells.Cells_Correlation_K_DNA_Mito,8.778994e-05
1147,Cells.Cells_Granularity_14_ER,8.776023e-05
861,Cells.Cells_Intensity_MinIntensityEdge_ER,8.7748434e-05
360,Cytoplasm.Cytoplasm_Correlation_K_AGP_ER,8.7193024e-05
1153,Nuclei.Nuclei_Intensity_MaxIntensityEdge_Mito,8.7133805e-05
176,Nuclei.Nuclei_Correlation_Manders_Mito_AGP,8.712775e-05
35,Cells.Cells_AreaShape_Zernike_5_3,8.705585e-05
1065,Cytoplasm.Cytoplasm_AreaShape_Zernike_6_0,8.691016e-05
698,Cytoplasm.Cytoplasm_Intensity_IntegratedIntensityEdge_RNA,8.6869506e-05
1217,Nuclei.Nuclei_Intensity_StdIntensity_DNA,8.623716e-05
175,Nuclei.Nuclei_Intensity_MADIntensity_AGP,8.607547e-05
60,Cytoplasm.Cytoplasm_Location_MaxIntensity_Z_ER,8.568727e-05
224,Cytoplasm.Cytoplasm_Intensity_StdIntensityEdge_ER,8.5583335e-05
663,Cells.Cells_Intensity_MaxIntensityEdge_DNA,8.55445e-05
1226,Cytoplasm.Cytoplasm_RadialDistribution_MeanFrac_Mito_4of4,8.540752e-05
1208,Nuclei.Nuclei_Intensity_MeanIntensityEdge_Mito,8.520608e-05
416,Cells.Cells_RadialDistribution_MeanFrac_Mito_2of4,8.5066065e-05
161,Nuclei.Nuclei_Intensity_IntegratedIntensity_Mito,8.496069e-05
385,Nuclei.Nuclei_Correlation_K_AGP_RNA,8.459258e-05
260,Cells.Cells_Intensity_IntegratedIntensityEdge_RNA,8.437509e-05
684,Nuclei.Nuclei_RadialDistribution_FracAtD_AGP_4of4,8.4369654e-05
592,Nuclei.Nuclei_Location_MaxIntensity_Z_ER,8.422035e-05
265,Cells.Cells_Intensity_UpperQuartileIntensity_RNA,8.4047024e-05
237,Nuclei.Nuclei_Intensity_IntegratedIntensityEdge_AGP,8.3955674e-05
112,Cytoplasm.Cytoplasm_AreaShape_Zernike_0_0,8.3876315e-05
886,Cells.Cells_Location_MaxIntensity_Z_Mito,8.3717e-05
451,Cytoplasm.Cytoplasm_Intensity_MinIntensityEdge_DNA,8.311254e-05
22,Nuclei.Nuclei_Location_CenterMassIntensity_X_RNA,8.298276e-05
866,Cells.Cells_Granularity_5_Mito,8.258555e-05
8,Nuclei.Nuclei_Intensity_MinIntensityEdge_RNA,8.256894e-05
705,Cells.Cells_Location_Center_Y,8.208547e-05
547,Nuclei.Nuclei_RadialDistribution_MeanFrac_Brightfield_2of4,8.196126e-05
499,Cells.Cells_Intensity_MinIntensityEdge_DNA,8.183984e-05
589,Nuclei.Nuclei_Location_CenterMassIntensity_Y_AGP,8.177805e-05
367,Cells.Cells_RadialDistribution_RadialCV_Brightfield_2of4,8.1599654e-05
745,Cytoplasm.Cytoplasm_Intensity_MinIntensity_ER,8.14927e-05
131,Cells.Cells_Intensity_MassDisplacement_Brightfield,8.139029e-05
802,Cytoplasm.Cytoplasm_Intensity_MinIntensityEdge_RNA,8.1359976e-05
405,Nuclei.Nuclei_Granularity_8_Brightfield,8.132589e-05
125,Cells.Cells_RadialDistribution_FracAtD_DNA_3of4,8.127358e-05
712,Nuclei.Nuclei_Location_MaxIntensity_Y_ER,8.11296e-05
582,Cells.Cells_Intensity_MADIntensity_RNA,8.100805e-05
943,Cytoplasm.Cytoplasm_AreaShape_Zernike_4_2,8.095e-05
1085,Cells.Cells_Intensity_MedianIntensity_ER,8.090791e-05
409,Cytoplasm.Cytoplasm_AreaShape_MajorAxisLength,8.044222e-05
496,Nuclei.Nuclei_Granularity_6_Brightfield,8.0432445e-05
1066,Cells.Cells_Location_MaxIntensity_Y_ER,8.025159e-05
1014,Nuclei.Nuclei_Correlation_K_RNA_Mito,8.020753e-05
418,Cells.Cells_Granularity_13_ER,8.007421e-05
666,Nuclei.Nuclei_Location_CenterMassIntensity_Z_DNA,7.998368e-05
597,Nuclei.Nuclei_AreaShape_Orientation,7.994466e-05
567,Nuclei.Nuclei_Intensity_MeanIntensity_RNA,7.9943195e-05
1309,Cytoplasm.Cytoplasm_Intensity_MeanIntensityEdge_DNA,7.9273814e-05
514,Cells.Cells_Correlation_K_Brightfield_DNA,7.921379e-05
760,Cells.Cells_Granularity_13_Brightfield,7.9083096e-05
1083,Nuclei.Nuclei_Granularity_4_DNA,7.8779e-05
223,Cells.Cells_AreaShape_MajorAxisLength,7.877809e-05
74,Cytoplasm.Cytoplasm_Intensity_MADIntensity_Brightfield,7.866464e-05
1321,Cells.Cells_Intensity_StdIntensity_AGP,7.848213e-05
1121,Cells.Cells_Intensity_StdIntensity_ER,7.8469595e-05
1306,Cells.Cells_AreaShape_Perimeter,7.801804e-05
4,Cells.Cells_Intensity_MaxIntensity_DNA,7.791709e-05
534,Cytoplasm.Cytoplasm_RadialDistribution_MeanFrac_DNA_1of4,7.776352e-05
638,Nuclei.Nuclei_Granularity_2_Mito,7.7746095e-05
832,Cells.Cells_Granularity_9_Brightfield,7.761726e-05
724,Cytoplasm.Cytoplasm_AreaShape_Zernike_7_7,7.753602e-05
844,Nuclei.Nuclei_Granularity_13_Brightfield,7.750104e-05
1055,Cytoplasm.Cytoplasm_RadialDistribution_FracAtD_Mito_2of4,7.748942e-05
1154,Cells.Cells_RadialDistribution_RadialCV_RNA_2of4,7.743886e-05
171,Cells.Cells_Granularity_12_AGP,7.7424425e-05
709,Nuclei.Nuclei_Granularity_3_Mito,7.728537e-05
772,Cells.Cells_Location_CenterMassIntensity_X_DNA,7.696662e-05
388,Cells.Cells_Granularity_8_Brightfield,7.686766e-05
1212,Nuclei.Nuclei_RadialDistribution_RadialCV_AGP_1of4,7.6853736e-05
693,Nuclei.Nuclei_Intensity_MassDisplacement_DNA,7.6429744e-05
185,Cells.Cells_Correlation_K_AGP_ER,7.6345896e-05
599,Nuclei.Nuclei_Granularity_11_RNA,7.618084e-05
1314,Nuclei.Nuclei_Correlation_Manders_AGP_Mito,7.616676e-05
1197,Nuclei.Nuclei_Granularity_3_Brightfield,7.607486e-05
406,Cells.Cells_Correlation_RWC_Mito_DNA,7.600753e-05
752,Cytoplasm.Cytoplasm_Intensity_IntegratedIntensity_ER,7.581004e-05
888,Nuclei.Nuclei_Intensity_UpperQuartileIntensity_Brightfield,7.532712e-05
146,Cells.Cells_Correlation_Manders_Mito_RNA,7.525534e-05
631,Nuclei.Nuclei_Intensity_MaxIntensityEdge_DNA,7.52183e-05
1169,Cells.Cells_Intensity_MaxIntensity_Brightfield,7.5198455e-05
307,Cells.Cells_RadialDistribution_MeanFrac_Brightfield_1of4,7.519627e-05
660,Cytoplasm.Cytoplasm_Granularity_14_ER,7.5112046e-05
362,Cells.Cells_Granularity_11_Mito,7.506188e-05
1299,Nuclei.Nuclei_Correlation_K_Brightfield_Mito,7.502404e-05
971,Cells.Cells_Location_MaxIntensity_X_Brightfield,7.479309e-05
797,Cells.Cells_Correlation_RWC_Mito_ER,7.4743104e-05
1271,Nuclei.Nuclei_Granularity_8_Mito,7.465514e-05
65,Cells.Cells_Granularity_5_RNA,7.462004e-05
755,Cells.Cells_Granularity_6_Brightfield,7.442275e-05
591,Nuclei.Nuclei_Location_CenterMassIntensity_Y_ER,7.409883e-05
1061,Cells.Cells_Intensity_IntegratedIntensity_Mito,7.384672e-05
191,Nuclei.Nuclei_Intensity_UpperQuartileIntensity_RNA,7.380151e-05
485,Cells.Cells_Correlation_K_RNA_Brightfield,7.369829e-05
559,Cytoplasm.Cytoplasm_Correlation_RWC_Brightfield_Mito,7.363884e-05
821,Cells.Cells_RadialDistribution_FracAtD_Mito_3of4,7.346746e-05
962,Cells.Cells_RadialDistribution_FracAtD_DNA_4of4,7.343508e-05
123,Cells.Cells_Granularity_13_Mito,7.3071365e-05
749,Cells.Cells_RadialDistribution_FracAtD_RNA_2of4,7.27506e-05
748,Nuclei.Nuclei_Granularity_6_RNA,7.259572e-05
833,Nuclei.Nuclei_Correlation_Manders_Mito_ER,7.222563e-05
266,Cells.Cells_AreaShape_Zernike_3_1,7.218936e-05
600,Cytoplasm.Cytoplasm_Location_CenterMassIntensity_Y_AGP,7.204365e-05
300,Cytoplasm.Cytoplasm_Correlation_Manders_DNA_AGP,7.193709e-05
621,Cells.Cells_Granularity_14_AGP,7.191157e-05
438,Cells.Cells_Intensity_MedianIntensity_DNA,7.1757655e-05
85,Nuclei.Nuclei_Location_Center_X,7.1719915e-05
271,Cells.Cells_RadialDistribution_FracAtD_Brightfield_1of4,7.166371e-05
469,Nuclei.Nuclei_Intensity_StdIntensity_RNA,7.162296e-05
1177,Nuclei.Nuclei_Granularity_2_ER,7.12829e-05
703,Nuclei.Nuclei_Intensity_LowerQuartileIntensity_Mito,7.074711e-05
235,Cytoplasm.Cytoplasm_RadialDistribution_MeanFrac_Mito_2of4,7.024253e-05
1149,Nuclei.Nuclei_Correlation_Overlap_DNA_Mito,7.023547e-05
640,Cytoplasm.Cytoplasm_Intensity_MinIntensityEdge_Mito,7.013062e-05
827,Cells.Cells_Correlation_RWC_Brightfield_Mito,7.009282e-05
758,Cells.Cells_AreaShape_Zernike_5_1,6.9826405e-05
1173,Nuclei.Nuclei_RadialDistribution_RadialCV_RNA_1of4,6.967082e-05
1008,Cytoplasm.Cytoplasm_Intensity_UpperQuartileIntensity_Mito,6.953667e-05
505,Nuclei.Nuclei_Granularity_10_Brightfield,6.952984e-05
1031,Cells.Cells_Location_MaxIntensity_X_RNA,6.946157e-05
276,Cells.Cells_Intensity_LowerQuartileIntensity_DNA,6.939324e-05
267,Nuclei.Nuclei_Granularity_14_AGP,6.9217596e-05
172,Cytoplasm.Cytoplasm_Intensity_StdIntensityEdge_RNA,6.8951886e-05
181,Cytoplasm.Cytoplasm_Correlation_Manders_ER_Mito,6.8674904e-05
1209,Cytoplasm.Cytoplasm_Intensity_MaxIntensityEdge_Mito,6.854731e-05
1233,Nuclei.Nuclei_Correlation_K_ER_AGP,6.8538866e-05
565,Cytoplasm.Cytoplasm_AreaShape_Perimeter,6.848651e-05
533,Cytoplasm.Cytoplasm_Location_MaxIntensity_Y_RNA,6.841244e-05
167,Cells.Cells_Correlation_Manders_Mito_ER,6.827114e-05
553,Cytoplasm.Cytoplasm_Intensity_MeanIntensityEdge_AGP,6.815846e-05
1074,Cytoplasm.Cytoplasm_Correlation_RWC_Mito_AGP,6.815573e-05
558,Cytoplasm.Cytoplasm_Intensity_MedianIntensity_Brightfield,6.7998946e-05
923,Nuclei.Nuclei_Intensity_LowerQuartileIntensity_RNA,6.789448e-05
1298,Cells.Cells_Intensity_MeanIntensity_DNA,6.771848e-05
645,Cytoplasm.Cytoplasm_RadialDistribution_FracAtD_AGP_3of4,6.7593384e-05
561,Cells.Cells_Granularity_12_ER,6.756403e-05
1161,Nuclei.Nuclei_Correlation_Manders_Mito_RNA,6.748996e-05
590,Nuclei.Nuclei_AreaShape_Center_X,6.7259374e-05
918,Cytoplasm.Cytoplasm_Intensity_MinIntensity_DNA,6.714488e-05
187,Cells.Cells_AreaShape_MaximumRadius,6.705514e-05
490,Nuclei.Nuclei_Location_MaxIntensity_Y_RNA,6.6851535e-05
732,Nuclei.Nuclei_Correlation_K_Mito_DNA,6.657194e-05
899,Cytoplasm.Cytoplasm_RadialDistribution_RadialCV_Mito_3of4,6.655765e-05
292,Nuclei.Nuclei_RadialDistribution_MeanFrac_AGP_3of4,6.648807e-05
726,Nuclei.Nuclei_Correlation_K_Mito_Brightfield,6.633926e-05
762,Nuclei.Nuclei_Intensity_MeanIntensity_AGP,6.611641e-05
1093,Nuclei.Nuclei_Granularity_14_Brightfield,6.608635e-05
474,Cells.Cells_Intensity_MinIntensity_ER,6.601476e-05
196,Nuclei.Nuclei_RadialDistribution_MeanFrac_Brightfield_3of4,6.599198e-05
817,Cytoplasm.Cytoplasm_Granularity_14_Brightfield,6.581707e-05
744,Cells.Cells_Granularity_15_RNA,6.556796e-05
1142,Cells.Cells_Intensity_LowerQuartileIntensity_ER,6.5494976e-05
1040,Cells.Cells_Correlation_K_Mito_RNA,6.49121e-05
439,Cells.Cells_Intensity_MeanIntensityEdge_DNA,6.450614e-05
407,Cytoplasm.Cytoplasm_Granularity_7_RNA,6.4453285e-05
201,Cytoplasm.Cytoplasm_Location_MaxIntensity_Z_Brightfield,6.441582e-05
61,Cytoplasm.Cytoplasm_Correlation_Manders_AGP_ER,6.420252e-05
1135,Cytoplasm.Cytoplasm_Intensity_MaxIntensityEdge_ER,6.418761e-05
769,Nuclei.Nuclei_Location_MaxIntensity_Z_Mito,6.4163825e-05
221,Nuclei.Nuclei_Correlation_RWC_AGP_Brightfield,6.415872e-05
682,Cytoplasm.Cytoplasm_Correlation_Overlap_Mito_RNA,6.414469e-05
928,Cytoplasm.Cytoplasm_Intensity_LowerQuartileIntensity_Mito,6.413503e-05
885,Cytoplasm.Cytoplasm_Location_CenterMassIntensity_X_DNA,6.396539e-05
617,Nuclei.Nuclei_Intensity_StdIntensityEdge_Brightfield,6.3583924e-05
261,Nuclei.Nuclei_Granularity_7_RNA,6.350054e-05
395,Nuclei.Nuclei_Intensity_MaxIntensity_AGP,6.347011e-05
708,Cytoplasm.Cytoplasm_RadialDistribution_FracAtD_DNA_3of4,6.3313935e-05
529,Cytoplasm.Cytoplasm_Correlation_Manders_Brightfield_DNA,6.3226995e-05
429,Cytoplasm.Cytoplasm_AreaShape_Orientation,6.3179396e-05
231,Cells.Cells_Intensity_MinIntensity_DNA,6.314791e-05
700,Nuclei.Nuclei_Intensity_StdIntensity_Brightfield,6.308773e-05
571,Cells.Cells_Location_CenterMassIntensity_Z_AGP,6.308138e-05
1310,Cytoplasm.Cytoplasm_Location_CenterMassIntensity_Z_RNA,6.2821055e-05
1290,Cytoplasm.Cytoplasm_Intensity_MassDisplacement_DNA,6.279081e-05
991,Cells.Cells_Correlation_K_AGP_Brightfield,6.265264e-05
345,Cytoplasm.Cytoplasm_Location_CenterMassIntensity_Z_DNA,6.26304e-05
982,Cells.Cells_Correlation_Correlation_AGP_Brightfield,6.2567386e-05
667,Nuclei.Nuclei_Correlation_Manders_DNA_ER,6.256345e-05
672,Cytoplasm.Cytoplasm_Location_MaxIntensity_X_Mito,6.254873e-05
1257,Nuclei.Nuclei_Granularity_6_AGP,6.251042e-05
217,Cells.Cells_Correlation_Manders_Brightfield_AGP,6.2474566e-05
1269,Cytoplasm.Cytoplasm_RadialDistribution_FracAtD_AGP_1of4,6.247146e-05
1096,Nuclei.Nuclei_Intensity_UpperQuartileIntensity_Mito,6.240968e-05
119,Cells.Cells_RadialDistribution_FracAtD_AGP_4of4,6.2404004e-05
333,Cytoplasm.Cytoplasm_Correlation_K_DNA_AGP,6.23905e-05
774,Cells.Cells_Correlation_Manders_DNA_ER,6.231645e-05
1229,Cytoplasm.Cytoplasm_RadialDistribution_RadialCV_ER_1of4,6.213568e-05
163,Cells.Cells_Intensity_MeanIntensity_Brightfield,6.202873e-05
1124,Cells.Cells_Correlation_K_Mito_DNA,6.191397e-05
322,Cells.Cells_Children_Cytoplasm_Count,6.187734e-05
258,Nuclei.Nuclei_Correlation_K_DNA_AGP,6.185722e-05
464,Nuclei.Nuclei_Location_CenterMassIntensity_Y_Brightfield,6.150801e-05
64,Cells.Cells_Granularity_2_AGP,6.142033e-05
369,Cells.Cells_Correlation_RWC_RNA_DNA,6.131398e-05
238,Cells.Cells_Intensity_LowerQuartileIntensity_Brightfield,6.130317e-05
822,Cytoplasm.Cytoplasm_Correlation_K_Brightfield_AGP,6.1213985e-05
1170,Cytoplasm.Cytoplasm_Correlation_K_RNA_DNA,6.107918e-05
320,Cytoplasm.Cytoplasm_Granularity_12_RNA,6.10024e-05
1240,Nuclei.Nuclei_Granularity_3_ER,6.0662038e-05
1084,Cytoplasm.Cytoplasm_Location_Center_Y,6.0653798e-05
1187,Nuclei.Nuclei_Granularity_12_AGP,6.0536622e-05
480,Cells.Cells_Intensity_MinIntensity_RNA,6.0430208e-05
1231,Cytoplasm.Cytoplasm_Location_CenterMassIntensity_X_Mito,6.036611e-05
1,Cytoplasm.Cytoplasm_RadialDistribution_FracAtD_Brightfield_3of4,6.0363007e-05
1311,Cytoplasm.Cytoplasm_Location_MaxIntensity_Y_ER,6.0319948e-05
580,Nuclei.Nuclei_AreaShape_Zernike_7_5,6.0213388e-05
343,Cytoplasm.Cytoplasm_Intensity_MaxIntensity_RNA,6.0176822e-05
306,Nuclei.Nuclei_RadialDistribution_FracAtD_ER_1of4,6.0175036e-05
756,Cytoplasm.Cytoplasm_Intensity_UpperQuartileIntensity_Brightfield,6.009547e-05
806,Cells.Cells_Intensity_MedianIntensity_Brightfield,6.00691e-05
1098,Nuclei.Nuclei_Intensity_MeanIntensity_Mito,6.0002727e-05
525,Cells.Cells_Correlation_RWC_ER_Brightfield,5.9865884e-05
1000,Cells.Cells_Intensity_IntegratedIntensityEdge_Mito,5.9822163e-05
1125,Cytoplasm.Cytoplasm_Correlation_Correlation_DNA_RNA,5.9356687e-05
865,Nuclei.Nuclei_Correlation_K_Brightfield_ER,5.933635e-05
382,Nuclei.Nuclei_Granularity_10_RNA,5.9233236e-05
1148,Nuclei.Nuclei_RadialDistribution_RadialCV_RNA_2of4,5.9199887e-05
585,Nuclei.Nuclei_Location_Center_Y,5.9014485e-05
607,Nuclei.Nuclei_Granularity_14_Mito,5.9000555e-05
399,Cells.Cells_Correlation_Manders_DNA_Brightfield,5.886956e-05
72,Cytoplasm.Cytoplasm_Intensity_UpperQuartileIntensity_DNA,5.879421e-05
428,Cells.Cells_Correlation_K_Brightfield_ER,5.873247e-05
484,Cells.Cells_AreaShape_MedianRadius,5.870902e-05
80,Cytoplasm.Cytoplasm_Correlation_RWC_Brightfield_DNA,5.8672143e-05
1032,Cytoplasm.Cytoplasm_Intensity_StdIntensity_Mito,5.8623013e-05
10,Nuclei.Nuclei_RadialDistribution_FracAtD_RNA_1of4,5.8620422e-05
653,Cells.Cells_Location_CenterMassIntensity_Z_DNA,5.8615384e-05
747,Cytoplasm.Cytoplasm_RadialDistribution_FracAtD_Brightfield_2of4,5.8501126e-05
1109,Cells.Cells_Granularity_12_RNA,5.8435773e-05
835,Nuclei.Nuclei_Intensity_MaxIntensityEdge_Brightfield,5.841289e-05
604,Cells.Cells_Intensity_StdIntensity_RNA,5.839837e-05
741,Cytoplasm.Cytoplasm_Location_CenterMassIntensity_Y_DNA,5.8278278e-05
192,Nuclei.Nuclei_Intensity_MinIntensityEdge_DNA,5.826638e-05
967,Cells.Cells_Correlation_Manders_AGP_ER,5.7990776e-05
396,Cells.Cells_AreaShape_Center_X,5.7987618e-05
330,Cytoplasm.Cytoplasm_Granularity_1_ER,5.7949477e-05
91,Nuclei.Nuclei_Location_MaxIntensity_X_DNA,5.7857247e-05
37,Nuclei.Nuclei_Location_MaxIntensity_X_ER,5.7379762e-05
184,Nuclei.Nuclei_Granularity_9_Mito,5.7363828e-05
670,Cytoplasm.Cytoplasm_Correlation_RWC_DNA_Mito,5.7222547e-05
1028,Nuclei.Nuclei_RadialDistribution_FracAtD_Mito_4of4,5.7186e-05
27,Cytoplasm.Cytoplasm_Intensity_MassDisplacement_ER,5.7144014e-05
1089,Cells.Cells_Intensity_MassDisplacement_DNA,5.7112313e-05
634,Cytoplasm.Cytoplasm_RadialDistribution_MeanFrac_Mito_3of4,5.710081e-05
605,Cells.Cells_Intensity_MeanIntensity_RNA,5.7088044e-05
62,Cytoplasm.Cytoplasm_RadialDistribution_FracAtD_RNA_2of4,5.692794e-05
251,Cells.Cells_AreaShape_Zernike_3_3,5.6907364e-05
1287,Cells.Cells_RadialDistribution_FracAtD_DNA_2of4,5.6864712e-05
501,Cells.Cells_Correlation_K_Brightfield_AGP,5.6837922e-05
289,Cytoplasm.Cytoplasm_Correlation_K_Brightfield_DNA,5.6659665e-05
110,Nuclei.Nuclei_Intensity_LowerQuartileIntensity_Brightfield,5.6629102e-05
632,Cells.Cells_Correlation_Manders_Mito_Brightfield,5.6612582e-05
93,Cytoplasm.Cytoplasm_Location_CenterMassIntensity_X_AGP,5.6569974e-05
893,Cytoplasm.Cytoplasm_Granularity_12_AGP,5.6424924e-05
158,Cytoplasm.Cytoplasm_Intensity_MeanIntensity_RNA,5.621245e-05
624,Cells.Cells_Correlation_Overlap_ER_RNA,5.6151275e-05
1081,Cells.Cells_Intensity_IntegratedIntensityEdge_Brightfield,5.6145418e-05
911,Nuclei.Nuclei_Correlation_K_Brightfield_DNA,5.609132e-05
1099,Cytoplasm.Cytoplasm_Intensity_MADIntensity_ER,5.568538e-05
635,Cells.Cells_Correlation_Manders_AGP_Brightfield,5.5533743e-05
1323,Nuclei.Nuclei_Intensity_MedianIntensity_ER,5.5362114e-05
650,Cells.Cells_Location_CenterMassIntensity_Y_Brightfield,5.5236538e-05
52,Cytoplasm.Cytoplasm_Intensity_LowerQuartileIntensity_DNA,5.5146767e-05
940,Nuclei.Nuclei_Correlation_Manders_Brightfield_Mito,5.504168e-05
786,Nuclei.Nuclei_Correlation_Manders_AGP_ER,5.5034354e-05
210,Cells.Cells_Granularity_1_Mito,5.5027405e-05
1035,Cytoplasm.Cytoplasm_Granularity_8_Mito,5.4850647e-05
479,Cells.Cells_Location_MaxIntensity_Z_DNA,5.4830358e-05
443,Cells.Cells_Location_Center_X,5.4819535e-05
846,Cytoplasm.Cytoplasm_Granularity_12_Mito,5.4735992e-05
790,Cytoplasm.Cytoplasm_Granularity_7_ER,5.4644777e-05
1082,Cells.Cells_Correlation_K_DNA_AGP,5.445889e-05
527,Nuclei.Nuclei_Intensity_MeanIntensity_ER,5.444895e-05
1129,Nuclei.Nuclei_Intensity_MeanIntensity_DNA,5.4277236e-05
713,Cytoplasm.Cytoplasm_Location_MaxIntensity_X_ER,5.4011987e-05
603,Cytoplasm.Cytoplasm_Location_MaxIntensity_Y_DNA,5.400171e-05
917,Cytoplasm.Cytoplasm_Intensity_IntegratedIntensityEdge_Mito,5.384382e-05
477,Cytoplasm.Cytoplasm_Location_MaxIntensity_X_RNA,5.374093e-05
421,Cells.Cells_RadialDistribution_RadialCV_ER_3of4,5.367639e-05
179,Cytoplasm.Cytoplasm_Correlation_Manders_RNA_DNA,5.3461383e-05
162,Nuclei.Nuclei_Location_MaxIntensity_Z_Brightfield,5.3445117e-05
279,Cytoplasm.Cytoplasm_Correlation_RWC_Mito_Brightfield,5.33646e-05
107,Cytoplasm.Cytoplasm_Granularity_13_Mito,5.3336422e-05
725,Cytoplasm.Cytoplasm_Intensity_MedianIntensity_DNA,5.331895e-05
843,Cytoplasm.Cytoplasm_Granularity_10_AGP,5.321888e-05
508,Nuclei.Nuclei_Intensity_UpperQuartileIntensity_AGP,5.3214117e-05
522,Cells.Cells_RadialDistribution_MeanFrac_ER_1of4,5.3184016e-05
764,Cells.Cells_RadialDistribution_MeanFrac_Mito_4of4,5.3133328e-05
1263,Cytoplasm.Cytoplasm_Correlation_K_AGP_Brightfield,5.3032145e-05
785,Nuclei.Nuclei_Granularity_3_AGP,5.2986543e-05
997,Nuclei.Nuclei_Granularity_6_Mito,5.2788717e-05
164,Nuclei.Nuclei_Granularity_16_Brightfield,5.2737556e-05
442,Cytoplasm.Cytoplasm_RadialDistribution_FracAtD_RNA_3of4,5.2643205e-05
403,Cells.Cells_RadialDistribution_RadialCV_ER_2of4,5.2603933e-05
995,Cells.Cells_RadialDistribution_FracAtD_Brightfield_4of4,5.2573443e-05
619,Cytoplasm.Cytoplasm_Intensity_MeanIntensity_AGP,5.2511074e-05
487,Cytoplasm.Cytoplasm_Correlation_Manders_Brightfield_ER,5.2427044e-05
647,Nuclei.Nuclei_Location_MaxIntensity_X_Brightfield,5.238669e-05
415,Nuclei.Nuclei_Correlation_K_Mito_ER,5.230812e-05
970,Nuclei.Nuclei_Intensity_MedianIntensity_Brightfield,5.21806e-05
716,Cells.Cells_Intensity_MinIntensityEdge_RNA,5.207207e-05
1054,Cytoplasm.Cytoplasm_Intensity_MeanIntensity_ER,5.2023348e-05
1005,Cells.Cells_Granularity_6_Mito,5.2004718e-05
598,Nuclei.Nuclei_Location_MaxIntensity_Z_AGP,5.1819497e-05
541,Cells.Cells_Intensity_MaxIntensity_Mito,5.1735256e-05
218,Cytoplasm.Cytoplasm_Correlation_Manders_Mito_Brightfield,5.1717558e-05
1319,Cytoplasm.Cytoplasm_AreaShape_Center_X,5.167064e-05
189,Cytoplasm.Cytoplasm_Granularity_16_Brightfield,5.158282e-05
939,Cytoplasm.Cytoplasm_Granularity_14_Mito,5.1566025e-05
765,Cells.Cells_RadialDistribution_FracAtD_Mito_2of4,5.1387615e-05
1067,Cytoplasm.Cytoplasm_Granularity_16_Mito,5.1262115e-05
1243,Cells.Cells_Intensity_MeanIntensityEdge_RNA,5.1178275e-05
540,Cells.Cells_Granularity_15_Brightfield,5.1130435e-05
1060,Cells.Cells_Intensity_UpperQuartileIntensity_ER,5.0985524e-05
556,Cells.Cells_Granularity_10_AGP,5.096993e-05
828,Cytoplasm.Cytoplasm_Intensity_MeanIntensity_DNA,5.0968873e-05
625,Nuclei.Nuclei_Intensity_StdIntensityEdge_ER,5.0776613e-05
595,Cytoplasm.Cytoplasm_Granularity_15_RNA,5.0773568e-05
781,Cells.Cells_Granularity_16_Mito,5.06178e-05
1224,Cells.Cells_RadialDistribution_MeanFrac_Mito_3of4,5.0597497e-05
301,Nuclei.Nuclei_Intensity_MeanIntensityEdge_Brightfield,5.059672e-05
376,Cells.Cells_AreaShape_Zernike_8_0,5.0581257e-05
661,Cells.Cells_AreaShape_Zernike_7_3,5.0513787e-05
574,Cells.Cells_Granularity_6_RNA,5.0473795e-05
1179,Cytoplasm.Cytoplasm_Correlation_K_Brightfield_RNA,5.02475e-05
336,Cells.Cells_Intensity_MADIntensity_DNA,5.0194383e-05
1190,Nuclei.Nuclei_Intensity_MaxIntensityEdge_AGP,5.0165072e-05
513,Cytoplasm.Cytoplasm_RadialDistribution_RadialCV_Brightfield_1of4,5.0051716e-05
323,Nuclei.Nuclei_RadialDistribution_FracAtD_AGP_1of4,5.0039293e-05
408,Cytoplasm.Cytoplasm_RadialDistribution_FracAtD_Brightfield_4of4,4.997774e-05
685,Nuclei.Nuclei_Intensity_MinIntensity_DNA,4.9941937e-05
1322,Cells.Cells_Correlation_RWC_Mito_AGP,4.99364e-05
515,Cells.Cells_AreaShape_MeanRadius,4.990193e-05
77,Cells.Cells_Correlation_Manders_AGP_RNA,4.988152e-05
880,Cytoplasm.Cytoplasm_Granularity_12_Brightfield,4.987008e-05
577,Cells.Cells_Correlation_Manders_Brightfield_ER,4.985266e-05
1172,Cytoplasm.Cytoplasm_Intensity_MeanIntensityEdge_ER,4.9843893e-05
863,Nuclei.Nuclei_RadialDistribution_MeanFrac_Mito_1of4,4.9782404e-05
512,Cells.Cells_RadialDistribution_RadialCV_Mito_2of4,4.9647148e-05
288,Cytoplasm.Cytoplasm_Correlation_Manders_DNA_Brightfield,4.953039e-05
826,Cells.Cells_Intensity_UpperQuartileIntensity_Brightfield,4.948557e-05
268,Nuclei.Nuclei_Correlation_K_Brightfield_AGP,4.9453978e-05
400,Nuclei.Nuclei_RadialDistribution_FracAtD_AGP_2of4,4.9310158e-05
491,Cells.Cells_Granularity_12_Brightfield,4.919054e-05
1284,Cells.Cells_Intensity_UpperQuartileIntensity_Mito,4.9178256e-05
652,Nuclei.Nuclei_Correlation_K_RNA_Brightfield,4.9117396e-05
434,Nuclei.Nuclei_Children_Cells_Count,4.9098e-05
942,Cytoplasm.Cytoplasm_Intensity_StdIntensity_AGP,4.909793e-05
1077,Cells.Cells_RadialDistribution_RadialCV_ER_1of4,4.9000522e-05
1128,Cells.Cells_Location_MaxIntensity_X_DNA,4.8940517e-05
1253,Nuclei.Nuclei_Intensity_IntegratedIntensityEdge_Mito,4.892753e-05
317,Cells.Cells_Correlation_Manders_Brightfield_RNA,4.8854006e-05
966,Cytoplasm.Cytoplasm_AreaShape_Zernike_9_7,4.8792655e-05
1286,Cells.Cells_RadialDistribution_RadialCV_RNA_4of4,4.867111e-05
890,Nuclei.Nuclei_Granularity_12_Brightfield,4.8641647e-05
959,Cytoplasm.Cytoplasm_Location_MaxIntensity_X_Brightfield,4.855598e-05
141,Cells.Cells_Intensity_MADIntensity_ER,4.8473627e-05
1163,Cells.Cells_AreaShape_Zernike_1_1,4.840957e-05
1264,Cells.Cells_Correlation_K_AGP_Mito,4.8399743e-05
135,Nuclei.Nuclei_Granularity_14_RNA,4.8356e-05
1070,Nuclei.Nuclei_Intensity_MaxIntensityEdge_RNA,4.8273338e-05
1211,Cells.Cells_Location_MaxIntensity_Y_Mito,4.8268765e-05
1260,Cytoplasm.Cytoplasm_RadialDistribution_RadialCV_Mito_2of4,4.819275e-05
329,Cells.Cells_Correlation_RWC_Mito_Brightfield,4.8183116e-05
79,Cells.Cells_Correlation_RWC_RNA_ER,4.8168855e-05
717,Cytoplasm.Cytoplasm_Granularity_8_Brightfield,4.808566e-05
730,Cells.Cells_Granularity_7_RNA,4.7925903e-05
165,Cytoplasm.Cytoplasm_Correlation_K_DNA_RNA,4.792518e-05
1242,Nuclei.Nuclei_Granularity_4_Mito,4.789504e-05
1100,Cells.Cells_Intensity_MassDisplacement_ER,4.7893518e-05
958,Cytoplasm.Cytoplasm_RadialDistribution_MeanFrac_ER_3of4,4.780064e-05
257,Nuclei.Nuclei_Intensity_MaxIntensity_ER,4.7790356e-05
132,Cytoplasm.Cytoplasm_Intensity_MeanIntensity_Mito,4.7729452e-05
924,Cells.Cells_Granularity_16_Brightfield,4.7723322e-05
1205,Nuclei.Nuclei_Location_MaxIntensity_X_RNA,4.7631213e-05
532,Nuclei.Nuclei_Granularity_4_ER,4.7614663e-05
1262,Cytoplasm.Cytoplasm_RadialDistribution_MeanFrac_Mito_1of4,4.760283e-05
5,Cells.Cells_Granularity_9_Mito,4.757458e-05
147,Nuclei.Nuclei_Granularity_13_ER,4.755768e-05
195,Cytoplasm.Cytoplasm_Location_CenterMassIntensity_Z_Mito,4.7487243e-05
294,Cells.Cells_Granularity_14_Brightfield,4.743552e-05
1146,Nuclei.Nuclei_AreaShape_Center_Y,4.7373676e-05
906,Nuclei.Nuclei_Location_CenterMassIntensity_Z_ER,4.734807e-05
651,Cytoplasm.Cytoplasm_Intensity_IntegratedIntensity_Brightfield,4.731341e-05
38,Cytoplasm.Cytoplasm_Granularity_4_RNA,4.7275764e-05
197,Cells.Cells_RadialDistribution_FracAtD_DNA_1of4,4.7257374e-05
1111,Cytoplasm.Cytoplasm_AreaShape_Zernike_9_3,4.7203026e-05
1162,Cytoplasm.Cytoplasm_Intensity_LowerQuartileIntensity_AGP,4.716032e-05
552,Nuclei.Nuclei_Correlation_K_Mito_RNA,4.7110923e-05
1071,Nuclei.Nuclei_Correlation_K_ER_Mito,4.7024263e-05
1218,Cytoplasm.Cytoplasm_Intensity_MeanIntensity_Brightfield,4.6989444e-05
988,Cytoplasm.Cytoplasm_Granularity_1_Mito,4.6910984e-05
728,Cytoplasm.Cytoplasm_AreaShape_Zernike_9_5,4.6769255e-05
715,Cytoplasm.Cytoplasm_Location_MaxIntensity_Y_AGP,4.673424e-05
895,Nuclei.Nuclei_Granularity_16_Mito,4.6588957e-05
874,Cells.Cells_AreaShape_Area,4.6532637e-05
657,Cytoplasm.Cytoplasm_Location_MaxIntensity_X_DNA,4.6489964e-05
587,Cytoplasm.Cytoplasm_Correlation_K_Mito_RNA,4.6471832e-05
1318,Nuclei.Nuclei_Location_Center_Z,4.6415727e-05
836,Nuclei.Nuclei_Correlation_Manders_ER_AGP,4.6352103e-05
1036,Cells.Cells_Granularity_14_RNA,4.6335434e-05
284,Cells.Cells_AreaShape_Zernike_9_1,4.6219164e-05
614,Cytoplasm.Cytoplasm_Granularity_14_RNA,4.6199624e-05
21,Cells.Cells_Correlation_Manders_RNA_Brightfield,4.6190093e-05
26,Cytoplasm.Cytoplasm_AreaShape_Zernike_6_4,4.6152218e-05
964,Nuclei.Nuclei_Granularity_1_Mito,4.614912e-05
665,Cytoplasm.Cytoplasm_Correlation_K_DNA_ER,4.6085835e-05
1214,Cytoplasm.Cytoplasm_Correlation_K_DNA_Mito,4.60817e-05
140,Cytoplasm.Cytoplasm_Intensity_IntegratedIntensity_Mito,4.6001227e-05
460,Nuclei.Nuclei_Correlation_K_ER_RNA,4.5968845e-05
1248,Cells.Cells_Location_MaxIntensity_X_AGP,4.5945828e-05
1026,Cells.Cells_Location_MaxIntensity_Y_DNA,4.5848654e-05
620,Cells.Cells_AreaShape_Zernike_8_8,4.574169e-05
32,Cells.Cells_RadialDistribution_MeanFrac_DNA_2of4,4.539183e-05
73,Cells.Cells_Correlation_RWC_AGP_Mito,4.5360932e-05
1225,Nuclei.Nuclei_Correlation_K_DNA_Brightfield,4.518986e-05
1220,Cells.Cells_Granularity_11_ER,4.5169578e-05
1114,Nuclei.Nuclei_Intensity_MedianIntensity_AGP,4.511442e-05
1072,Cells.Cells_Intensity_IntegratedIntensity_RNA,4.5021727e-05
931,Cytoplasm.Cytoplasm_AreaShape_Zernike_8_8,4.501874e-05
566,Cytoplasm.Cytoplasm_AreaShape_Zernike_6_6,4.4961744e-05
248,Nuclei.Nuclei_Location_CenterMassIntensity_X_Mito,4.4951586e-05
15,Nuclei.Nuclei_Location_MaxIntensity_X_AGP,4.4879835e-05
143,Nuclei.Nuclei_Correlation_Manders_Brightfield_AGP,4.4860335e-05
1216,Nuclei.Nuclei_Granularity_5_RNA,4.476067e-05
536,Nuclei.Nuclei_Intensity_LowerQuartileIntensity_AGP,4.4732486e-05
24,Nuclei.Nuclei_Location_CenterMassIntensity_Z_Mito,4.4686727e-05
548,Cells.Cells_AreaShape_EulerNumber,4.4663884e-05
845,Nuclei.Nuclei_Location_CenterMassIntensity_X_AGP,4.4580498e-05
384,Cytoplasm.Cytoplasm_RadialDistribution_FracAtD_DNA_4of4,4.4423312e-05
630,Nuclei.Nuclei_Correlation_Manders_Brightfield_RNA,4.439875e-05
178,Nuclei.Nuclei_Intensity_MedianIntensity_RNA,4.4363846e-05
1105,Nuclei.Nuclei_Intensity_MaxIntensity_DNA,4.4290104e-05
936,Cytoplasm.Cytoplasm_RadialDistribution_FracAtD_AGP_2of4,4.4178796e-05
1018,Cytoplasm.Cytoplasm_Intensity_IntegratedIntensity_RNA,4.411996e-05
160,Cytoplasm.Cytoplasm_Correlation_Manders_Brightfield_RNA,4.4042965e-05
949,Cytoplasm.Cytoplasm_Correlation_K_RNA_Brightfield,4.371152e-05
1308,Cytoplasm.Cytoplasm_Correlation_Manders_RNA_Brightfield,4.364736e-05
282,Nuclei.Nuclei_Children_Cytoplasm_Count,4.362794e-05
1178,Cells.Cells_AreaShape_Zernike_2_0,4.3365682e-05
930,Cytoplasm.Cytoplasm_Correlation_K_Mito_DNA,4.3323183e-05
1001,Cytoplasm.Cytoplasm_Location_CenterMassIntensity_Y_Mito,4.2981574e-05
41,Cytoplasm.Cytoplasm_AreaShape_MeanRadius,4.2976026e-05
233,Cytoplasm.Cytoplasm_Granularity_3_Brightfield,4.2909396e-05
766,Cytoplasm.Cytoplasm_RadialDistribution_FracAtD_Mito_1of4,4.2900647e-05
1180,Cytoplasm.Cytoplasm_Correlation_RWC_RNA_Mito,4.2692838e-05
1259,Cells.Cells_RadialDistribution_FracAtD_Mito_4of4,4.266541e-05
1150,Nuclei.Nuclei_Correlation_Manders_RNA_ER,4.25899e-05
1141,Cytoplasm.Cytoplasm_RadialDistribution_FracAtD_AGP_4of4,4.2528325e-05
814,Cytoplasm.Cytoplasm_Correlation_RWC_AGP_Mito,4.2514963e-05
357,Cytoplasm.Cytoplasm_Location_MaxIntensity_X_AGP,4.2423355e-05
1091,Nuclei.Nuclei_Correlation_K_RNA_ER,4.240831e-05
363,Cells.Cells_AreaShape_Zernike_9_7,4.2240128e-05
738,Cytoplasm.Cytoplasm_RadialDistribution_FracAtD_DNA_2of4,4.2232088e-05
242,Cells.Cells_Location_MaxIntensity_Y_AGP,4.220557e-05
775,Nuclei.Nuclei_Intensity_IntegratedIntensityEdge_RNA,4.207646e-05
303,Nuclei.Nuclei_Intensity_MeanIntensityEdge_DNA,4.2025837e-05
40,Nuclei.Nuclei_Granularity_11_Mito,4.1907522e-05
81,Cells.Cells_Intensity_MaxIntensityEdge_RNA,4.1865034e-05
935,Cytoplasm.Cytoplasm_Intensity_LowerQuartileIntensity_RNA,4.1785785e-05
69,Cells.Cells_Location_CenterMassIntensity_Y_ER,4.1416526e-05
1021,Nuclei.Nuclei_Location_CenterMassIntensity_X_ER,4.13797e-05
840,Cells.Cells_Location_MaxIntensity_Y_RNA,4.1229716e-05
860,Nuclei.Nuclei_Correlation_K_Brightfield_RNA,4.117927e-05
104,Cells.Cells_Location_MaxIntensity_Z_ER,4.1063086e-05
637,Cells.Cells_AreaShape_Zernike_4_2,4.091253e-05
1166,Cells.Cells_RadialDistribution_MeanFrac_DNA_1of4,4.0735635e-05
419,Cytoplasm.Cytoplasm_Correlation_Manders_AGP_Brightfield,4.068647e-05
117,Nuclei.Nuclei_Location_MaxIntensity_Z_DNA,4.0652376e-05
543,Cells.Cells_Intensity_MeanIntensity_AGP,4.062843e-05
410,Cells.Cells_Location_MaxIntensity_Z_Brightfield,4.057585e-05
222,Nuclei.Nuclei_Intensity_MeanIntensity_Brightfield,4.0571365e-05
1118,Cells.Cells_Granularity_8_Mito,4.0437462e-05
494,Nuclei.Nuclei_Location_CenterMassIntensity_X_Brightfield,4.0421368e-05
1270,Cytoplasm.Cytoplasm_Correlation_K_ER_Brightfield,4.040508e-05
157,Cells.Cells_Location_CenterMassIntensity_Z_RNA,4.0345254e-05
1025,Cytoplasm.Cytoplasm_Granularity_6_Mito,4.034124e-05
746,Cells.Cells_Location_MaxIntensity_Z_RNA,4.0090246e-05
450,Nuclei.Nuclei_Intensity_UpperQuartileIntensity_ER,3.9667564e-05
1080,Cytoplasm.Cytoplasm_AreaShape_Center_Y,3.9556428e-05
507,Cells.Cells_Location_MaxIntensity_X_ER,3.9482682e-05
1007,Cells.Cells_Correlation_K_DNA_Brightfield,3.9351395e-05
688,Nuclei.Nuclei_Correlation_K_AGP_Mito,3.909801e-05
1145,Cytoplasm.Cytoplasm_Location_MaxIntensity_Z_RNA,3.903864e-05
28,Nuclei.Nuclei_Granularity_8_RNA,3.883162e-05
825,Cytoplasm.Cytoplasm_Intensity_IntegratedIntensityEdge_Brightfield,3.8698578e-05
986,Cytoplasm.Cytoplasm_Intensity_MeanIntensityEdge_RNA,3.866998e-05
319,Cells.Cells_Intensity_MedianIntensity_Mito,3.8651193e-05
465,Cells.Cells_RadialDistribution_FracAtD_RNA_4of4,3.862775e-05
994,Cells.Cells_Intensity_LowerQuartileIntensity_AGP,3.8412625e-05
1232,Cytoplasm.Cytoplasm_Location_CenterMassIntensity_Z_AGP,3.836128e-05
610,Cells.Cells_Correlation_K_ER_Mito,3.821617e-05
771,Nuclei.Nuclei_Location_MaxIntensity_Y_Mito,3.8206257e-05
719,Cytoplasm.Cytoplasm_Location_MaxIntensity_Y_Mito,3.8191938e-05
658,Cells.Cells_Location_CenterMassIntensity_X_RNA,3.796175e-05
535,Cytoplasm.Cytoplasm_AreaShape_Area,3.7769132e-05
7,Cytoplasm.Cytoplasm_Location_MaxIntensity_Z_DNA,3.751828e-05
793,Nuclei.Nuclei_Intensity_MaxIntensity_RNA,3.725471e-05
1092,Nuclei.Nuclei_Granularity_5_Mito,3.7223424e-05
1206,Cytoplasm.Cytoplasm_RadialDistribution_FracAtD_RNA_4of4,3.7194404e-05
977,Cells.Cells_Intensity_MeanIntensityEdge_Mito,3.7015267e-05
486,Nuclei.Nuclei_Location_CenterMassIntensity_Z_AGP,3.7010024e-05
847,Nuclei.Nuclei_Location_MaxIntensity_X_Mito,3.6908437e-05
212,Nuclei.Nuclei_Location_CenterMassIntensity_Z_Brightfield,3.6833404e-05
87,Cytoplasm.Cytoplasm_Intensity_MaxIntensityEdge_RNA,3.6358753e-05
714,Cells.Cells_Intensity_MeanIntensityEdge_Brightfield,3.6218054e-05
39,Cells.Cells_Intensity_MeanIntensity_Mito,3.6102945e-05
779,Cells.Cells_Location_CenterMassIntensity_Z_Mito,3.608544e-05
618,Nuclei.Nuclei_Location_CenterMassIntensity_Z_RNA,3.581267e-05
290,Cells.Cells_Correlation_K_Brightfield_Mito,3.56855e-05
447,Cells.Cells_Location_MaxIntensity_Z_AGP,3.51752e-05
1320,Cells.Cells_Location_Center_Z,3.51402e-05
18,Cells.Cells_RadialDistribution_FracAtD_Brightfield_3of4,3.510089e-05
1215,Cytoplasm.Cytoplasm_AreaShape_Zernike_3_3,3.5012556e-05
1268,Cells.Cells_Intensity_LowerQuartileIntensity_Mito,3.4693414e-05
304,Nuclei.Nuclei_Intensity_IntegratedIntensityEdge_ER,3.4474502e-05
1049,Cells.Cells_Location_CenterMassIntensity_Y_RNA,3.3913453e-05
901,Nuclei.Nuclei_Location_MaxIntensity_Z_RNA,3.3225864e-05
777,Cytoplasm.Cytoplasm_Location_CenterMassIntensity_Z_Brightfield,3.2601612e-05
503,Cytoplasm.Cytoplasm_Correlation_Manders_Mito_ER,3.1982665e-05
1158,Nuclei.Nuclei_Location_CenterMassIntensity_X_DNA,3.1426054e-05
735,Cytoplasm.Cytoplasm_Location_MaxIntensity_Z_Mito,3.1202213e-05
